path,title,meta_description,h1,h1_count,word_count,html_kb,template,links_in,links_out
/,Redirecting to: /en/,,,0,5,0.3,src/pages/index.astro,0,1
/en/,Insurance Agent in Chennai North – 30 Yrs Experience,"IRDAI licensed insurance agent in Sholavaram, Red Hills & Chennai North. 4.9★ rated, 30+ years experience. Car, lorry, fleet, factory & health insurance. WhatsApp for same-day help.","Best Insurance Agent in Chennai — Car, Bike, Lorry, Fleet, Factory & Health",1,4526,154.3,src/pages/en/index.astro,302,33
/en/about/,About | MN Rajendrakumar Insurance,"Licensed insurance agency in Chennai (Red Hills / Sholavaram base). Direct expert support, claim-ready documentation, multilingual consultation, on-spot service across Chennai, and no lead-selling.",M N Rajendrakumar Insurance Services | About M N Rajendrakumar Insurance Services — Licensed Insurance Agency in Chennai (Red Hills / Sholavaram Base),3,4766,181.2,src/pages/en/about.astro,301,20
/en/affordable-insurance-chennai/,Affordable Insurance in Chennai — Best Value Coverage Without Compromising Claims | MN Rajendrakumar Insurance,"Affordable insurance in Chennai that doesn't mean cheap coverage. Get the right balance of premium, coverage, and claim reliability from a 4.9★ rated agent with 15+ insurer options.","M N Rajendrakumar Insurance Services | Affordable insurance in Chennai — value, not just low price",3,3548,159.3,src/pages/en/[intentSlug]/index.astro,3,12
/en/auto-rickshaw-insurance-porur/,"Auto Rickshaw Insurance in Porur, Chennai | MN Rajendrakumar Insurance","Auto rickshaw insurance for personal and commercial-permit autos in Porur and Vanagaram — usage clarity, renewal checks and claim steps.",M N Rajendrakumar Insurance Services | Auto rickshaw insurance in Porur,3,3284,155.4,src/pages/en/[intentSlug]/index.astro,1,12
/en/best-insurance-agent-chennai/,"Best Insurance Agent in Chennai — IRDAI Licensed, 30+ Years, 4.9★ Google Rating | MN Rajendrakumar Insurance","Looking for the best insurance agent in Chennai? M N Rajendrakumar Insurance Services: IRDAI licensed, 30+ years experience, 4.9★ Google rating, 15+ insurer network. Car, health, commercial, industrial insurance.",M N Rajendrakumar Insurance Services | Best insurance agent in Chennai — what to look for,3,4742,172.8,src/pages/en/[intentSlug]/index.astro,0,11
/en/best-insurance-company-chennai/,Best Insurance Company in Chennai — Compare & Choose the Right Insurer | MN Rajendrakumar Insurance,"Looking for the best insurance company in Chennai? Compare top insurers, understand what makes a company reliable, and get expert guidance from a 4.9★ rated, 30+ year IRDAI licensed insurance agent.",M N Rajendrakumar Insurance Services | Best insurance company in Chennai — how to choose the right one,3,3777,161.7,src/pages/en/[intentSlug]/index.astro,0,12
/en/bike-insurance-near-me/,Bike Insurance Near Me in Chennai — Two-Wheeler Insurance with Claim Support | MN Rajendrakumar Insurance,"Bike insurance near me in Chennai. Two-wheeler insurance with the right coverage, fair IDV, and local claim support. Compare rates from 15+ insurers. IRDAI licensed agent, 30+ years experience.",M N Rajendrakumar Insurance Services | Bike insurance near me — two-wheeler coverage with local support,3,3505,159.2,src/pages/en/[intentSlug]/index.astro,0,12
/en/bike-insurance-tambaram/,"Bike Insurance in Tambaram, Chennai — Renewal & Claim Help | MN Rajendrakumar Insurance","Bike and two-wheeler insurance renewal, IDV/NCB checks and claim support for Tambaram, Chrompet and Pallavaram residents.",M N Rajendrakumar Insurance Services | Bike insurance in Tambaram,3,3393,156.9,src/pages/en/[intentSlug]/index.astro,1,12
/en/break-in-insurance-renewal/,Break-in Renewal / Inspection Renewal – What Changes After Policy Expiry (Practical Guide) | MN Rajendrakumar Insurance,"If your policy has expired, break-in renewal rules may apply (inspection, timelines, documentation). This page explains what to do first and how to avoid mistakes that delay renewal (case-dependent).",M N Rajendrakumar Insurance Services | Break-in renewal (renewing after expiry — what changes),3,3303,156.0,src/pages/en/[intentSlug]/index.astro,0,12
/en/buy-insurance-guidance/,Buy Insurance Guidance – How to Choose Correct Coverage (No Confusion) | MN Rajendrakumar Insurance,"A decision guide: what to disclose, what wording matters, which add-ons help, and how to choose sum insured/declared values to avoid disputes later.",M N Rajendrakumar Insurance Services | Buy insurance (how to choose correctly),3,3125,150.1,src/pages/en/buy-insurance-guidance/index.astro,5,9
/en/car-insurance-near-me/,"Car Insurance Near Me in Chennai — Best Rates, Claim Support & Doorstep Service | MN Rajendrakumar Insurance","Car insurance near me in Chennai. Compare rates from 15+ insurers, get the right IDV, choose essential add-ons, and get local claim support from an IRDAI licensed agent with 30+ years experience.",M N Rajendrakumar Insurance Services | Car insurance near me — local agent support in Chennai,3,3690,160.7,src/pages/en/[intentSlug]/index.astro,1,12
/en/car-insurance-velachery/,"Car Insurance in Velachery, Chennai — Renewal, IDV & Claims | MN Rajendrakumar Insurance","Car insurance renewal and new policy support for Velachery, Adyar and Guindy residents — IDV, NCB, zero depreciation and claim guidance.",M N Rajendrakumar Insurance Services | Car insurance in Velachery,3,3386,156.9,src/pages/en/[intentSlug]/index.astro,1,12
/en/cashless-health-insurance-chennai/,"Cashless Health Insurance in Chennai — Network Hospitals, Claim Process & Best Plans | MN Rajendrakumar Insurance","Cashless health insurance in Chennai: compare network hospitals, understand the cashless claim process, and choose the right plan. Expert guidance from a 4.9★ rated agent with 15+ insurer options.",M N Rajendrakumar Insurance Services | Cashless health insurance in Chennai — network hospitals & claim process,3,3684,161.6,src/pages/en/[intentSlug]/index.astro,2,10
/en/catering-event-business-insurance-chennai/,Insurance for Catering & Event Businesses in Chennai | MN Rajendrakumar Insurance,"Insurance for catering companies and event businesses in Chennai — equipment cover, public liability for events, and food-safety exposure. Call 7448324068.",M N Rajendrakumar Insurance Services | Insurance for Catering & Event Businesses in Chennai,3,3524,159.2,src/pages/en/[intentSlug]/index.astro,1,13
/en/claim-rejected-what-to-do/,"Claim Rejected? What To Do – Next Steps, Documents & Common Rejection Reasons (Guidance) | MN Rajendrakumar Insurance","If your insurance claim was rejected/repudiated, don’t panic. This page explains the typical reasons, what documents matter, and how to build a clean timeline and escalation file (case-dependent).",M N Rajendrakumar Insurance Services | Claim rejected (what to do next — practical steps),3,3320,156.2,src/pages/en/[intentSlug]/index.astro,3,12
/en/commercial-authority/,Commercial Authority | MN Rajendrakumar Insurance,"Commercial-first insurance guidance for fleets, warehouses, contractors and heavy equipment—built for NH + industrial belt realities.",M N Rajendrakumar Insurance Services | Industry-Focused Insurance Guidance,3,1124,91.0,src/pages/en/commercial-authority/index.astro,0,13
/en/commercial-authority/contractor-all-risk-basics/,Contractor All Risk (CAR): what it covers on real sites | M N Rajendrakumar Insurance Services,"CAR guidance for contractors in Chennai outskirts: real site risks, what to keep documented, and how to avoid claim delays.",Contractor All Risk (CAR): what it covers on real sites | M N Rajendrakumar Insurance Services,2,749,82.7,src/pages/en/commercial-authority/[slug]/index.astro,0,9
/en/commercial-authority/crane-heavy-equipment-sum-insured/,Crane insurance: why declared value decides claim success | M N Rajendrakumar Insurance Services,"Claim-first crane/CPM guidance for Chennai outskirts: declared value logic, proof discipline, and what insurers verify before claim approval.",Crane insurance: declared value decides claim success | M N Rajendrakumar Insurance Services,2,806,83.3,src/pages/en/commercial-authority/[slug]/index.astro,0,9
/en/commercial-authority/crane-third-party-liability-basics/,Third-party liability for cranes: what gets covered and what doesn’t | M N Rajendrakumar Insurance Services,"Liability exposure near highways/sites: what liability usually covers, where wording gaps happen, and the documentation habits that reduce disputes.",Third-party liability for cranes: what gets covered and what doesn’t | M N Rajendrakumar Insurance Services,2,761,83.2,src/pages/en/commercial-authority/[slug]/index.astro,0,9
/en/commercial-authority/factory-fire-theft-risk-basics/,Warehouse / factory fire + theft: what insurers expect you to maintain | M N Rajendrakumar Insurance Services,"Industrial belt guidance: fire load, stock proof, safety discipline and claim-ready documentation for warehouses/factories.",Warehouse / factory fire + theft: what insurers expect you to maintain | M N Rajendrakumar Insurance Services,2,701,79.4,src/pages/en/commercial-authority/[slug]/index.astro,0,9
/en/commercial-authority/fleet-insurance-docs-checklist/,Fleet insurance checklist: documents that speed approvals | M N Rajendrakumar Insurance Services,Fleet approvals and claims move faster when permits/fitness/RC and basic discipline is clean—especially in NH-facing belts.,Fleet insurance checklist: documents that speed approvals | M N Rajendrakumar Insurance Services,2,682,79.2,src/pages/en/commercial-authority/[slug]/index.astro,0,9
/en/commercial-authority/highway-business-risks/,Highway-area business risks (NH belt): practical cover guidance | M N Rajendrakumar Insurance Services,"NH belt risks: accident exposure, liability, storage risk and the documentation habits that improve claim outcomes.",Highway-area business risks (NH belt): practical cover guidance | M N Rajendrakumar Insurance Services,2,695,79.2,src/pages/en/commercial-authority/[slug]/index.astro,0,9
/en/commercial-authority/msme-policy-wording-simple/,Policy wording that matters for MSMEs (explained simply) | M N Rajendrakumar Insurance Services,Small wording differences decide claim outcomes—what to check before purchase/renewal for MSMEs in Chennai outskirts.,Policy wording that matters for MSMEs (explained simply) | M N Rajendrakumar Insurance Services,2,706,79.2,src/pages/en/commercial-authority/[slug]/index.astro,0,9
/en/commercial-authority/sum-insured-why-it-matters/,Sum insured: a quick method to avoid underinsurance | M N Rajendrakumar Insurance Services,A simple method businesses can follow to avoid settlement reductions due to underinsurance.,Sum insured: a quick method to avoid underinsurance | M N Rajendrakumar Insurance Services,2,681,78.9,src/pages/en/commercial-authority/[slug]/index.astro,0,9
/en/commercial-authority/workmen-compensation-common-mistakes/,Workmen compensation: 5 mistakes contractors make | M N Rajendrakumar Insurance Services,"WC mistakes that trigger disputes: payroll mismatch, classification errors, late reporting, and weak documentation discipline.",Workmen compensation: 5 mistakes contractors make | M N Rajendrakumar Insurance Services,2,696,79.4,src/pages/en/commercial-authority/[slug]/index.astro,0,9
/en/commercial-insurance-agent-near-me/,"Commercial Insurance Agent Near Me – Fleet, Warehouse, Contractor & Industrial Support | MN Rajendrakumar Insurance","Commercial-first insurance guidance from Sholavaram (Chennai North/outskirts): fleet/lorry, warehouse/godown, contractor CAR/WC, industrial property. Focus: documentation discipline and claim-ready clarity (as applicable).",M N Rajendrakumar Insurance Services | Commercial insurance agent near me (commercial-first support),3,3388,158.2,src/pages/en/[intentSlug]/index.astro,0,15
/en/commercial-insurance-chennai-north/,"Commercial Insurance in North Chennai – Fleet, Warehouse & Factory Insurance Agent | MN Rajendrakumar Insurance","Commercial insurance for North Chennai belt: lorry/fleet, warehouse/factory, contractor, marine cargo, and claim support from IRDAI-licensed agent M N Rajendrakumar, Sholavaram.",M N Rajendrakumar Insurance Services | Commercial insurance in North Chennai,3,3284,156.5,src/pages/en/[intentSlug]/index.astro,0,14
/en/commercial-vehicle-insurance-documents/,"Commercial Vehicle Insurance Documents – RC, Permit, Fitness & Claim Checklists | MN Rajendrakumar Insurance","Commercial vehicle insurance delays usually happen due to document mismatch. This page explains RC, permit, fitness and claim document discipline (as applicable).",M N Rajendrakumar Insurance Services | Commercial vehicle insurance documents (what really matters),3,2883,149.7,src/pages/en/[intentSlug]/index.astro,0,12
/en/contact/,Contact | MN Rajendrakumar Insurance,"Contact M N Rajendrakumar Insurance Services — Sholavaram (Chennai outskirts). Call/WhatsApp, visit address and map. Commercial-first insurance guidance with claim-ready documentation discipline.",M N Rajendrakumar Insurance Services | Contact,3,2022,123.4,src/pages/en/contact.astro,301,21
/en/contractor-insurance-documentation-support/,"Contractor Insurance Documentation Support – CAR/WC Checklists, Extensions & Claim-Ready Records | MN Rajendrakumar Insurance","Contractor insurance failures happen due to missing records: project extensions not updated (CAR), worker classification/payroll mismatch (WC), late reporting and weak site notes. This page explains practical checklists (as applicable).",M N Rajendrakumar Insurance Services | Contractor documentation support (CAR/WC checklists + renewal discipline),3,3276,156.7,src/pages/en/[intentSlug]/index.astro,0,13
/en/contractor-insurance-documents-checklist/,Contractor Insurance Documents – CAR & WC Claim-Ready Checklists | MN Rajendrakumar Insurance,CAR and WC disputes usually arise from missing documents. This checklist explains insurer expectations.,M N Rajendrakumar Insurance Services | Contractor insurance documents checklist (CAR / WC),3,2875,149.1,src/pages/en/[intentSlug]/index.astro,0,11
/en/contractor-insurance-manali/,Contractor Insurance (CAR + WC) in Manali – Site Cover | MN Rajendrakumar Insurance,"Contractor All Risk and Workmen Compensation insurance for construction and industrial-site projects in Manali, coordinated from our Sholavaram office with claim-ready documentation.",M N Rajendrakumar Insurance Services | Contractor insurance (CAR + WC) in Manali,3,3392,156.3,src/pages/en/[intentSlug]/index.astro,1,12
/en/contractor-insurance-maraimalai-nagar/,Contractor Insurance (CAR + WC) in Maraimalai Nagar SIPCOT | MN Rajendrakumar Insurance,Contractor All Risk and Workmen Compensation insurance for construction and plant-expansion projects in Maraimalai Nagar SIPCOT and the GST Road industrial corridor.,M N Rajendrakumar Insurance Services | Contractor insurance (CAR + WC) in Maraimalai Nagar,3,3371,156.4,src/pages/en/[intentSlug]/index.astro,1,12
/en/contractor-insurance-red-hills/,Contractor Insurance (CAR + WC) in Red Hills – Site Cover | MN Rajendrakumar Insurance,"Contractor All Risk and Workmen Compensation insurance for construction sites on the Red Hills NH belt, coordinated from our Sholavaram office with claim-ready documentation.",M N Rajendrakumar Insurance Services | Contractor insurance (CAR + WC) in Red Hills,3,3378,156.2,src/pages/en/[intentSlug]/index.astro,1,12
/en/contractor-insurance-sholavaram/,Contractor Insurance (CAR + WC) in Sholavaram – Site Cover | MN Rajendrakumar Insurance,"Contractor All Risk and Workmen Compensation insurance for construction sites in and around Sholavaram, handled directly from our home office with claim-ready documentation.",M N Rajendrakumar Insurance Services | Contractor insurance (CAR + WC) in Sholavaram,3,3353,156.0,src/pages/en/[intentSlug]/index.astro,1,12
/en/contractor-insurance-sriperumbudur/,"Contractor Insurance in Sriperumbudur SIPCOT – All Risk, WC & CPM Cover | MN Rajendrakumar Insurance","Contractor All Risk, Workmen Compensation, and CPM insurance for Sriperumbudur SIPCOT contractors: project documentation, sum insured alignment, and claim support via Sholavaram office.",M N Rajendrakumar Insurance Services | Contractor insurance in Sriperumbudur (SIPCOT),3,3221,155.5,src/pages/en/[intentSlug]/index.astro,0,12
/en/corporate-insurance-advisor-one-point/,One Insurance Advisor for All Company Policies — Corporate Chennai | MN Rajendrakumar Insurance,"Consolidate factory, fleet, health, liability, and property insurance under one advisor. Portfolio review, renewal calendar, and a single point of contact for company insurance near Chennai. Call 7448324068.",M N Rajendrakumar Insurance Services | One Insurance Advisor for All Your Company's Policies,3,4950,173.9,src/pages/en/[intentSlug]/index.astro,5,13
/en/crane-insurance-ennore-port/,Crane & Cargo Handling Equipment Insurance – Ennore Port Belt | MN Rajendrakumar Insurance,"Crane and cargo-handling equipment insurance for operators working the Ennore–Kattupalli port belt, covering physical damage, liability and port-linked documentation needs.",M N Rajendrakumar Insurance Services | Crane and cargo-handling equipment insurance near Ennore Port,3,3342,156.4,src/pages/en/[intentSlug]/index.astro,1,12
/en/crane-insurance-karanodai/,Crane & Heavy Equipment Insurance in Karanodai – CPM & Liability | MN Rajendrakumar Insurance,"Crane CPM and liability insurance for equipment operating on the Karanodai NH belt, coordinated from our Sholavaram office with claim documentation support.",M N Rajendrakumar Insurance Services | Crane and heavy equipment insurance in Karanodai,3,3330,155.8,src/pages/en/[intentSlug]/index.astro,1,12
/en/crane-insurance-manali/,Crane & Heavy Equipment Insurance in Manali – CPM & Liability Cover | MN Rajendrakumar Insurance,"Crane CPM and heavy equipment insurance for Manali industrial estate operators: physical damage, liability cover, and claim documentation via Sholavaram office.",M N Rajendrakumar Insurance Services | Crane and heavy equipment insurance in Manali,3,3260,155.4,src/pages/en/[intentSlug]/index.astro,1,12
/en/crane-insurance-oragadam/,Crane & Heavy Equipment Insurance in Oragadam – CPM & Liability | MN Rajendrakumar Insurance,"Crane CPM and liability insurance for equipment operating in the Oragadam auto and OEM industrial belt, with documentation support for plant, port-linked and site movement.",M N Rajendrakumar Insurance Services | Crane and heavy equipment insurance in Oragadam,3,3402,156.8,src/pages/en/[intentSlug]/index.astro,1,12
/en/crane-insurance-red-hills/,Crane & Heavy Equipment Insurance in Red Hills – CPM & Liability | MN Rajendrakumar Insurance,"Crane CPM and liability insurance for Red Hills NH-belt equipment operators and construction sites, coordinated from our Sholavaram office with claim documentation support.",M N Rajendrakumar Insurance Services | Crane and heavy equipment insurance in Red Hills,3,3382,156.3,src/pages/en/[intentSlug]/index.astro,1,12
/en/crane-insurance-sholavaram/,Crane & Heavy Equipment Insurance in Sholavaram – CPM & Liability | MN Rajendrakumar Insurance,"Crane CPM and liability insurance for Sholavaram-based crane owners and NH-corridor equipment operators, coordinated directly from our Sholavaram office with claim documentation support.",M N Rajendrakumar Insurance Services | Crane and heavy equipment insurance in Sholavaram,3,3366,156.3,src/pages/en/[intentSlug]/index.astro,1,12
/en/crane-insurance-sriperumbudur/,Crane & Heavy Equipment Insurance in Sriperumbudur – CPM Cover | MN Rajendrakumar Insurance,"Crane CPM and liability insurance for equipment operating in the Sriperumbudur SIPCOT industrial belt, with documentation support for construction and plant expansion work.",M N Rajendrakumar Insurance Services | Crane and heavy equipment insurance in Sriperumbudur,3,3301,155.8,src/pages/en/[intentSlug]/index.astro,1,12
/en/daycare-coaching-center-insurance-chennai/,Insurance for Daycares & Coaching Centers in Chennai | MN Rajendrakumar Insurance,"Insurance for daycare centers, tuition centers, and coaching institutes in Chennai — property, child/student liability, and staff cover. Call 7448324068.",M N Rajendrakumar Insurance Services | Insurance for Daycares & Coaching Centers in Chennai,3,3504,158.7,src/pages/en/[intentSlug]/index.astro,1,13
/en/diagnostic-lab-pharmacy-insurance-chennai/,Insurance for Diagnostic Labs & Pharmacies in Chennai | MN Rajendrakumar Insurance,"Insurance for diagnostic laboratories and pharmacies in Chennai — equipment breakdown cover, stock cover for medicines, and professional liability. Call 7448324068.",M N Rajendrakumar Insurance Services | Insurance for Diagnostic Labs & Pharmacies in Chennai,3,3526,159.3,src/pages/en/[intentSlug]/index.astro,1,13
/en/doorstep-insurance-service-chennai/,Doorstep Insurance Service in Chennai — Home & Office Visit for Policy & Claims | MN Rajendrakumar Insurance,"Doorstep insurance service in Chennai. Our agent visits your home or office for policy issuance, renewals, and claim documentation. No need to visit our office — we come to you.",M N Rajendrakumar Insurance Services | Doorstep insurance service in Chennai — we come to you,3,3510,159.6,src/pages/en/[intentSlug]/index.astro,0,11
/en/ecommerce-online-seller-insurance-chennai/,"Insurance for E-commerce & Online Sellers in Chennai — Stock, Transit & Warehouse Cover | MN Rajendrakumar Insurance","Insurance for e-commerce businesses and online sellers in Chennai — warehouse/fulfilment stock cover, goods-in-transit for deliveries, and product liability. Call 7448324068.",M N Rajendrakumar Insurance Services | Insurance for E-commerce & Online Sellers in Chennai,3,4330,168.9,src/pages/en/[intentSlug]/index.astro,2,15
/en/export-import-business-insurance-chennai/,"Export & Import Business Insurance in Chennai — Cargo, Incoterms & Trade Risk | MN Rajendrakumar Insurance","Insurance for exporters and importers in Chennai — marine cargo cover matched to your Incoterms, customs-hold protection, and claim-ready documentation for cross-border trade. Call 7448324068.",M N Rajendrakumar Insurance Services | Export & Import Business Insurance in Chennai,3,3989,165.4,src/pages/en/[intentSlug]/index.astro,2,14
/en/factory-fire-insurance-ambattur-industrial-estate/,Factory & Fire Insurance in Ambattur Industrial Estate | MN Rajendrakumar Insurance,"Fire, machinery and stock insurance for manufacturing units in Ambattur Industrial Estate, one of Chennai's oldest industrial zones, with sum insured aligned to actual asset value.",M N Rajendrakumar Insurance Services | Factory and fire insurance in Ambattur Industrial Estate,3,3423,156.8,src/pages/en/[intentSlug]/index.astro,1,12
/en/factory-insurance-gummidipoondi/,Factory Insurance in Gummidipoondi SIPCOT – Industrial Property & Machinery Cover | MN Rajendrakumar Insurance,"Factory and industrial property insurance for Gummidipoondi SIPCOT estate: fire, machinery breakdown, stock declaration, and contractor risk via Sholavaram office.",M N Rajendrakumar Insurance Services | Factory insurance in Gummidipoondi (SIPCOT),3,3234,155.4,src/pages/en/[intentSlug]/index.astro,0,12
/en/faqs/,FAQs | MN Rajendrakumar Insurance,"Frequently asked questions about insurance renewals, claims, documentation, service areas and policy selection—focused on Chennai North & NH corridors.",M N Rajendrakumar Insurance Services | FAQs,3,5652,193.7,src/pages/en/faqs/index.astro,301,23
/en/fire-burglary-insurance-madhavaram/,Fire & Burglary Insurance in Madhavaram – Shops & Warehouses | MN Rajendrakumar Insurance,"Fire and burglary insurance for shops, godowns and logistics-adjacent storage in Madhavaram, coordinated from our Sholavaram office with correct sum insured and security compliance checks.",M N Rajendrakumar Insurance Services | Fire and burglary insurance in Madhavaram,3,3334,156.0,src/pages/en/[intentSlug]/index.astro,1,12
/en/fire-burglary-insurance-red-hills/,Fire & Burglary Insurance in Red Hills – Shops & Warehouses | MN Rajendrakumar Insurance,"Fire and burglary insurance for shops, godowns and storage units on the Red Hills belt, coordinated from our Sholavaram office with correct sum insured and security compliance checks.",M N Rajendrakumar Insurance Services | Fire and burglary insurance in Red Hills,3,3350,155.9,src/pages/en/[intentSlug]/index.astro,1,12
/en/fire-burglary-insurance-sholavaram/,Fire & Burglary Insurance in Sholavaram – Shops & Warehouses | MN Rajendrakumar Insurance,"Fire and burglary insurance for shops, godowns and small industrial units in Sholavaram, set up directly from our home office with correct sum insured and security compliance checks.",M N Rajendrakumar Insurance Services | Fire and burglary insurance in Sholavaram,3,3349,156.0,src/pages/en/[intentSlug]/index.astro,1,12
/en/fleet-insurance-manali/,Fleet Insurance in Manali – Industrial Transport & Commercial Vehicle Coverage | MN Rajendrakumar Insurance,"Fleet and commercial vehicle insurance for Manali industrial estate operators: multi-vehicle renewal, IDV alignment, permit compliance, and claim support via Sholavaram office.",M N Rajendrakumar Insurance Services | Fleet insurance in Manali,3,3212,155.0,src/pages/en/[intentSlug]/index.astro,0,12
/en/fleet-insurance-puzhal/,Fleet & Lorry Insurance in Puzhal – Multi-Vehicle Cover | MN Rajendrakumar Insurance,"Fleet and lorry insurance for transport operators based in Puzhal, coordinated from our Sholavaram office with permit/fitness documentation and claim support.",M N Rajendrakumar Insurance Services | Fleet and lorry insurance in Puzhal,3,3317,155.5,src/pages/en/[intentSlug]/index.astro,1,12
/en/fleet-insurance-red-hills/,Fleet Insurance in Red Hills – NH Belt Commercial Vehicle & Lorry Renewal | MN Rajendrakumar Insurance,"Fleet insurance for Red Hills NH belt operators: multi-vehicle documentation, IDV alignment, permit compliance, and claim support via Sholavaram office.",M N Rajendrakumar Insurance Services | Fleet insurance in Red Hills,3,3125,153.4,src/pages/en/[intentSlug]/index.astro,0,11
/en/fleet-insurance-sholavaram/,Fleet Insurance in Sholavaram – Office-Based Multi-Vehicle Renewal & Support | MN Rajendrakumar Insurance,"Fleet insurance in Sholavaram: multi-vehicle renewal documentation, IDV alignment, permit compliance, and claim support direct from our Sholavaram office.",M N Rajendrakumar Insurance Services | Fleet insurance in Sholavaram,3,3160,153.8,src/pages/en/[intentSlug]/index.astro,0,12
/en/fleet-renewal-management-support/,"Fleet Renewal Management Support – Expiry Tracker, Document Control & Claim-Ready Discipline | MN Rajendrakumar Insurance","Managing multiple vehicles? Fleet renewals fail due to gaps, missing documents, and inconsistent disclosures. This page explains a practical system: expiry tracking, document folders, and a driver incident SOP (as applicable).",M N Rajendrakumar Insurance Services | Fleet renewal management (reduce gaps + reduce claim friction),3,3306,156.5,src/pages/en/[intentSlug]/index.astro,2,14
/en/freelancer-self-employed-insurance-chennai/,Insurance for Freelancers & Self-Employed Individuals — Chennai | MN Rajendrakumar Insurance,"Insurance for freelancers and self-employed individuals in Chennai — health cover without an employer, and professional liability if your work involves advice or delivery. Call 7448324068.",M N Rajendrakumar Insurance Services | Insurance for Freelancers & Self-Employed Individuals in Chennai,3,3584,159.8,src/pages/en/[intentSlug]/index.astro,1,12
/en/godown-insurance-near-me/,Godown / Warehouse Insurance Near Me – Storage & Property Risk (North Chennai) | MN Rajendrakumar Insurance,"Looking for godown or warehouse insurance near you? Sholavaram-based IRDAI-licensed agent: fire, stock, and burglary cover for warehouses across Madhavaram, Manali, Ambattur, and North Chennai belt.",M N Rajendrakumar Insurance Services | Godown/warehouse insurance near me (Sholavaram office support),3,3356,156.8,src/pages/en/[intentSlug]/index.astro,0,13
/en/hassle-free-insurance-claim/,Hassle-Free Insurance Claim Support in Chennai — Documentation & Follow-Up Help | MN Rajendrakumar Insurance,"Hassle-free insurance claim support in Chennai. We handle claim documentation, insurer coordination, and follow-up so you don't have to chase your own money. 30+ years claim handling experience.",M N Rajendrakumar Insurance Services | Hassle-free insurance claims in Chennai — we handle the paperwork,3,3561,160.0,src/pages/en/[intentSlug]/index.astro,0,13
/en/health-insurance-near-me/,"Health Insurance Near Me in Chennai — Cashless Hospitals, Best Plans & Claim Help | MN Rajendrakumar Insurance","Health insurance near me in Chennai. Compare plans from 15+ insurers, check cashless hospital networks near your locality, and get expert claim guidance from a 4.9★ rated agent.",M N Rajendrakumar Insurance Services | Health insurance near me — local expert guidance in Chennai,3,3614,160.4,src/pages/en/[intentSlug]/index.astro,0,11
/en/home-business-insurance-chennai/,Insurance for Home-Based Businesses & Makers in Chennai | MN Rajendrakumar Insurance,"Insurance for home-based businesses, makers, and small online sellers in Chennai — stock cover for inventory kept at home, and transit cover for deliveries. Call 7448324068.",M N Rajendrakumar Insurance Services | Insurance for Home-Based Businesses & Makers in Chennai,3,3557,158.9,src/pages/en/[intentSlug]/index.astro,1,12
/en/hospital-clinic-insurance-chennai/,"Insurance for Hospitals & Clinics in Chennai — Property, Equipment & Professional Cover | MN Rajendrakumar Insurance","Insurance for hospitals, clinics, and diagnostic centers in Chennai — property and equipment breakdown cover, professional indemnity, and staff cover. Call 7448324068.",M N Rajendrakumar Insurance Services | Insurance for Hospitals & Clinics in Chennai,3,4329,169.8,src/pages/en/[intentSlug]/index.astro,2,15
/en/hotel-restaurant-insurance-chennai/,"Hotel & Restaurant Insurance in Chennai — Property, Liability & Staff Cover | MN Rajendrakumar Insurance","Insurance for hotels, restaurants, and lodges in Chennai — fire and property cover, public liability for guest/customer incidents, and staff accident cover. Call 7448324068.",M N Rajendrakumar Insurance Services | Hotel & Restaurant Insurance in Chennai,3,4303,168.7,src/pages/en/[intentSlug]/index.astro,2,15
/en/import-export-cargo-insurance-ennore-port/,"Import/Export Cargo Insurance Near Ennore Port, Chennai | MN Rajendrakumar Insurance","Import and export cargo insurance for shipments moving through Kamarajar (Ennore) Port — Incoterms clarity, invoice/LC matching, and claim-ready documentation.",M N Rajendrakumar Insurance Services | Import/export cargo insurance near Ennore Port,3,3459,158.2,src/pages/en/[intentSlug]/index.astro,1,13
/en/industrial-fire-insurance-manali-refinery-belt/,Industrial Fire Insurance – Manali Refinery & Process Industry Belt | MN Rajendrakumar Insurance,"Industrial fire and specific-perils insurance for process-industry and refinery-adjacent units in the Manali belt, with sum insured and machinery cover aligned to actual plant risk.",M N Rajendrakumar Insurance Services | Industrial fire insurance for the Manali refinery and process-industry belt,3,3420,157.5,src/pages/en/[intentSlug]/index.astro,1,12
/en/insights/,Insights | MN Rajendrakumar Insurance,"Practical insurance guidance: claims, documents, renewals and risk clarity for Chennai North & NH corridors.",M N Rajendrakumar Insurance Services | Insights & Guides,3,1917,116.6,src/pages/en/insights/index.astro,301,22
/en/insights/30-years-claim-handling-insights/,30+ years of claim handling: what actually delays claims (and how to prevent it) | M N Rajendrakumar Insurance Services,"A practical view from long-term insurance servicing: why claims get delayed, what insurers verify first, and the simple discipline that protects settlement outcomes.",30+ years of claim handling: what actually delays claims | M N Rajendrakumar Insurance Services,2,859,84.3,src/pages/en/insights/[slug]/index.astro,0,9
/en/insights/business-insurance-avoid-underinsurance/,Business insurance: a simple method to avoid underinsurance | M N Rajendrakumar Insurance Services,"A practical underinsurance prevention method for MSMEs: stock + assets + machinery clarity, valuation basis and proof discipline that supports claims.",Business insurance: a simple method to avoid underinsurance | M N Rajendrakumar Insurance Services,2,704,79.5,src/pages/en/insights/[slug]/index.astro,1,9
/en/insights/claim-documents-checklist/,Claim documents checklist (what people forget) | M N Rajendrakumar Insurance Services,"Invoices, photos, reports and timeline discipline—clean essentials that improve claim outcomes.",Claim documents checklist (what people forget) | M N Rajendrakumar Insurance Services,2,673,78.8,src/pages/en/insights/[slug]/index.astro,2,9
/en/insights/commercial-vehicle-docs-permit-fitness/,"Commercial vehicle docs: permit, fitness, RC—why it affects claims | M N Rajendrakumar Insurance Services","Commercial vehicle insurance moves fast when permit/fitness/RC discipline is clean. A checklist for goods vehicles, fleet operators and NH belt movement.","Commercial vehicle docs: permit, fitness, RC—why it affects claims | M N Rajendrakumar Insurance Services",2,767,83.3,src/pages/en/insights/[slug]/index.astro,1,9
/en/insights/garage-overbilling-claim-safety/,Garage overbilling & claim traps: how to protect yourself | M N Rajendrakumar Insurance Services,"How customers lose money during repairs: inflated estimates, unnecessary parts, towing traps, cash deals. A safe workflow for claim repairs.",Garage overbilling & claim traps: how to protect yourself | M N Rajendrakumar Insurance Services,2,764,83.0,src/pages/en/insights/[slug]/index.astro,1,9
/en/insights/health-claim-cashless-vs-reimbursement/,Health claim: cashless vs reimbursement (what changes) | M N Rajendrakumar Insurance Services,"Health insurance claim types explained: cashless vs reimbursement, documents, timelines, and common mistakes that delay settlement.",Health claim: cashless vs reimbursement (what changes) | M N Rajendrakumar Insurance Services,2,734,82.8,src/pages/en/insights/[slug]/index.astro,1,9
/en/insights/lorry-insurance-renewal-insights/,Lorry insurance renewal: the checks that prevent disputes later | M N Rajendrakumar Insurance Services,"Renewal is where expensive mistakes happen for lorries and commercial vehicles—permit/fitness alignment, endorsements/IMT, gap rules and claim-readiness discipline.",Lorry insurance renewal: the checks that prevent disputes later | M N Rajendrakumar Insurance Services,2,834,84.1,src/pages/en/insights/[slug]/index.astro,0,9
/en/insights/motor-claim-first-30-minutes/,Accident claim: what to do in the first 30 minutes | M N Rajendrakumar Insurance Services,"A practical first-30-minutes checklist after an accident: safety, evidence, reporting steps, and what NOT to say/do that later creates claim disputes.",Accident claim: what to do in the first 30 minutes | M N Rajendrakumar Insurance Services,2,824,83.4,src/pages/en/insights/[slug]/index.astro,1,9
/en/insights/public-liability-hidden-risk/,Public liability: the hidden risk many businesses ignore | M N Rajendrakumar Insurance Services,"Small incidents become big claims. What’s covered, common exclusions, and habits that reduce incidents.",Public liability: the hidden risk many businesses ignore | M N Rajendrakumar Insurance Services,2,682,79.1,src/pages/en/insights/[slug]/index.astro,1,9
/en/insights/stock-declaration-how-it-works/,Stock Declaration Policy – How It Works for Warehouses (Practical Explanation) | M N Rajendrakumar Insurance Services,"Stock declaration policy explained: why it’s used, how monthly declarations work, and what proof trail insurers expect during claims (as applicable).",Stock declaration policy: how it works (warehouse reality) | M N Rajendrakumar Insurance Services,2,752,83.1,src/pages/en/insights/[slug]/index.astro,0,9
/en/insights/two-wheeler-insurance-basics-real/,Bike insurance basics (what actually matters at claim time) | M N Rajendrakumar Insurance Services,"Two-wheeler insurance explained practically: own-damage vs third-party, add-ons, common claim rejections, and proof habits that help.",Bike insurance basics (what actually matters at claim time) | M N Rajendrakumar Insurance Services,2,743,82.8,src/pages/en/insights/[slug]/index.astro,1,9
/en/insights/used-vehicle-insurance-transfer/,Used vehicle purchase: insurance transfer checklist (buyers forget this) | M N Rajendrakumar Insurance Services,"Buying a used car/bike: insurance transfer, ownership, NCB and claim eligibility basics—simple checklist to avoid future claim problems.",Used vehicle purchase: insurance transfer checklist (buyers forget this) | M N Rajendrakumar Insurance Services,2,704,79.5,src/pages/en/insights/[slug]/index.astro,1,9
/en/insights/vehicle-insurance-addons-cheat-sheet/,Vehicle add-ons cheat sheet (what’s useful vs waste) | M N Rajendrakumar Insurance Services,"A practical guide to vehicle insurance add-ons: zero dep, engine protect, RSA, consumables, return-to-invoice—when each helps and when it’s unnecessary.",Vehicle add-ons cheat sheet (what’s useful vs waste) | M N Rajendrakumar Insurance Services,2,775,83.1,src/pages/en/insights/[slug]/index.astro,1,9
/en/insights/zero-dep-explained/,Zero depreciation explained like a human | M N Rajendrakumar Insurance Services,"When it’s worth it based on vehicle age, usage and the parts replaced most often.",Zero depreciation explained like a human | M N Rajendrakumar Insurance Services,2,679,78.6,src/pages/en/insights/[slug]/index.astro,1,9
/en/insurance-agent-not-responding/,"Insurance Agent Not Responding? We Help Manage Renewal, Claims & Policy Updates | MN Rajendrakumar Insurance","If your insurance agent is not responding or unavailable, we help you take control: renewal checks, claim documentation guidance, and policy clarity via WhatsApp/phone (Sholavaram / Chennai North support).",M N Rajendrakumar Insurance Services | Insurance agent not responding (what to do next),3,3382,156.8,src/pages/en/[intentSlug]/index.astro,0,14
/en/insurance-claim-help/,"Insurance Claim Help – Documents, Timeline & Next Steps (Sholavaram Support) | MN Rajendrakumar Insurance","Claim guidance: what to do first, what documents matter, FIR vs non-FIR cases, and how to keep a clean incident timeline to reduce delays.",M N Rajendrakumar Insurance Services | Insurance claim help (what to do first),3,3227,152.9,src/pages/en/insurance-claim-help/index.astro,140,10
/en/insurance-company-anna-nagar/,"Insurance Company & Agent in Anna Nagar, Chennai — All Policies, Local Claim Support | MN Rajendrakumar Insurance","Insurance company services in Anna Nagar, Chennai. Car, health, life, and commercial insurance from a 4.9★ rated IRDAI licensed agent. Doorstep service, multi-insurer comparison, and claim support.","M N Rajendrakumar Insurance Services | Insurance company services in Anna Nagar, Chennai",3,3454,158.3,src/pages/en/[intentSlug]/index.astro,0,11
/en/insurance-company-t-nagar/,"Insurance Company & Agent in T. Nagar, Chennai — All Insurance Types, Expert Guidance | MN Rajendrakumar Insurance","Insurance company services in T. Nagar, Chennai. Car, health, life, commercial, and shop insurance from a 4.9★ IRDAI licensed agent. Multi-insurer comparison and claim support.","M N Rajendrakumar Insurance Services | Insurance company services in T. Nagar, Chennai",3,3380,158.0,src/pages/en/[intentSlug]/index.astro,0,11
/en/insurance-company-tambaram/,"Insurance Company & Agent in Tambaram, Chennai — Car, Health & Commercial Insurance | MN Rajendrakumar Insurance","Insurance company services in Tambaram, Chennai. Car, health, life, commercial insurance from a 4.9★ IRDAI licensed agent. Multi-insurer comparison, doorstep service, and local claim support.","M N Rajendrakumar Insurance Services | Insurance company services in Tambaram, Chennai",3,3348,157.6,src/pages/en/[intentSlug]/index.astro,0,11
/en/insurance-company-velachery/,"Insurance Company & Agent in Velachery, Chennai — Car, Health & Commercial Insurance | MN Rajendrakumar Insurance","Insurance services in Velachery, Chennai. Car, health, commercial insurance from a 4.9★ IRDAI licensed agent. Multi-insurer comparison, doorstep service, and claim support for Velachery and OMR corridor.","M N Rajendrakumar Insurance Services | Insurance company services in Velachery, Chennai",3,3351,157.9,src/pages/en/[intentSlug]/index.astro,0,12
/en/insurance-documents-required/,Insurance Documents Required – Practical Checklists for Claims & Renewals | MN Rajendrakumar Insurance,"Insurance claims and renewals fail due to missing or weak documents. This page explains the common documents insurers expect, why they matter, and how to keep a clean record (case-dependent).",M N Rajendrakumar Insurance Services | Insurance documents required (what insurers actually check),3,2961,150.8,src/pages/en/[intentSlug]/index.astro,1,12
/en/insurance-for-contractors/,"Insurance for Contractors – CAR, WC & Documentation That Prevent Disputes | MN Rajendrakumar Insurance","Contractor insurance disputes happen due to project extensions, worker classification mismatch and weak site records. This page explains practical insurance discipline (as applicable).",M N Rajendrakumar Insurance Services | Insurance for contractors (CAR / WC explained practically),3,3115,153.9,src/pages/en/[intentSlug]/index.astro,0,12
/en/insurance-for-logistics-owners/,"Insurance for Logistics & Transport Owners – Fleet, Compliance & Claim Discipline | MN Rajendrakumar Insurance","Transport and logistics insurance fails due to late reporting, document mismatch, and inconsistent driver reporting. This page explains practical insurance discipline for fleet owners (as applicable).",M N Rajendrakumar Insurance Services | Insurance for logistics & transport owners,3,3145,154.5,src/pages/en/[intentSlug]/index.astro,0,13
/en/insurance-for-professionals-consultants-chennai/,"Insurance for Professionals & Consultants in Chennai — Liability, Office & Health Cover | MN Rajendrakumar Insurance","Insurance for consultants, freelancers, CAs, architects, and agencies in Chennai — professional indemnity, office equipment, and health cover matched to how you actually work. Call 7448324068.",M N Rajendrakumar Insurance Services | Insurance for Professionals & Consultants in Chennai,3,4371,169.9,src/pages/en/[intentSlug]/index.astro,2,14
/en/insurance-for-sme-owners/,"Insurance for SME Owners – Renewal, Claims & Risk Checks That Actually Matter | MN Rajendrakumar Insurance","SME owners often lose claims due to underinsurance, wrong disclosures, or missing documents. This page explains practical insurance checks for shops, factories, warehouses and service businesses (as applicable).",M N Rajendrakumar Insurance Services | Insurance for SME owners (what usually goes wrong),3,3244,155.2,src/pages/en/[intentSlug]/index.astro,0,13
/en/insurance-for-warehouse-owners/,"Insurance for Warehouse Owners – Renewal, Stock Proof & Underinsurance Risks | MN Rajendrakumar Insurance",Warehouse insurance claims fail due to undervaluation and weak stock proof. This page explains what warehouse owners should check during renewal (as applicable).,M N Rajendrakumar Insurance Services | Insurance for warehouse owners,3,3115,153.7,src/pages/en/[intentSlug]/index.astro,0,12
/en/insurance-near-me/,Insurance Near Me (Agent & Office Support) – Sholavaram / Chennai North | MN Rajendrakumar Insurance,"Local insurance support from Sholavaram office: renewals, claim documentation guidance, and commercial/vehicle/industrial insurance help across Chennai North and corridor belts.",M N Rajendrakumar Insurance Services | Insurance near me (Sholavaram office support),3,3600,157.9,src/pages/en/insurance-near-me/index.astro,124,14
/en/insurance-renewal-for-admin-teams/,Insurance Renewal for Admin/Accounts Teams – Document Checklists & Renewal Discipline | MN Rajendrakumar Insurance,"Admin or accounts handling renewals? We help with structured checklists: policy copies, endorsements, permit/fitness (as applicable), asset/stock proof, and renewal timing for smoother claims later.",M N Rajendrakumar Insurance Services | Renewal support for admin / accounts teams,3,3222,155.3,src/pages/en/[intentSlug]/index.astro,0,14
/en/insurance-renewal-near-me/,"Insurance Renewal Near Me – Car, Commercial Vehicle & Policy Renewal Support | MN Rajendrakumar Insurance","Renewal guidance via Sholavaram office support: avoid gaps, check IDV/NCB/add-ons, and keep documentation clean for smoother claims later.",M N Rajendrakumar Insurance Services | Insurance renewal near me (policy renewal support),3,3144,150.2,src/pages/en/insurance-renewal-near-me/index.astro,139,9
/en/irdai-licensed-agent-sholavaram/,IRDAI Licensed Insurance Agent in Sholavaram – 30 Years Experience | MN Rajendrakumar Insurance,"M N Rajendrakumar – IRDAI licensed insurance agent in Sholavaram, Chennai. 30 years experience in commercial, fleet, warehouse, contractor, and personal insurance. Not an aggregator.",M N Rajendrakumar Insurance Services | IRDAI licensed insurance agent in Sholavaram,3,3412,157.1,src/pages/en/[intentSlug]/index.astro,0,13
/en/land-property-insurance-sholavaram/,Land & Property Insurance in Sholavaram & Red Hills Outskirts | MN Rajendrakumar Insurance,"Land and property insurance for vacant, under-construction and completed property in the Sholavaram / Red Hills outskirts belt.",M N Rajendrakumar Insurance Services | Land and property insurance in Sholavaram & Red Hills,3,3389,157.8,src/pages/en/[intentSlug]/index.astro,1,13
/en/liability-insurance-guindy/,Public & Professional Liability Insurance in Guindy | MN Rajendrakumar Insurance,"Public liability and professional indemnity insurance for factories, offices and commercial units in Guindy Industrial Estate and the Guindy–Alandur commercial belt.",M N Rajendrakumar Insurance Services | Public and professional liability insurance in Guindy,3,3412,156.9,src/pages/en/[intentSlug]/index.astro,4,12
/en/life-insurance-near-me/,"Life Insurance Near Me in Chennai — LIC & Term Plans, Expert Guidance | MN Rajendrakumar Insurance","Life insurance near me in Chennai. LIC policies, term insurance, endowment, and pension plans. Expert guidance from a licensed agent with 30+ years experience. Understand what you actually need.",M N Rajendrakumar Insurance Services | Life insurance near me — LIC & term insurance guidance in Chennai,3,3636,160.2,src/pages/en/[intentSlug]/index.astro,2,10
/en/locations/,Locations | MN Rajendrakumar Insurance,Service guidance anchored to Sholavaram office support—organized by logistics/industrial belts and city-side support areas.,Locations we serve (Chennai North + corridor belts) | Locations we serve (Chennai North + corridor belts),2,5073,174.8,src/pages/en/locations/index.astro,301,107
/en/locations/adyar/,"Insurance Agent in Adyar, Chennai — Car, Health & Life Insurance | MN Rajendrakumar Insurance","Insurance services in Adyar, Chennai. Car, health, life insurance with doorstep service and claim support from a 4.9★ IRDAI licensed agent. Multi-insurer comparison for Adyar residents.","Insurance Agent in Adyar, Chennai — Vehicle, Health & Family | Insurance Agent in Adyar, Chennai — Vehicle, Health & Family",2,2822,141.2,src/pages/en/locations/[location]/index.astro,8,20
/en/locations/alandur-st-thomas-mount/,Insurance Agent in Alandur & St. Thomas Mount – Commercial & Office | MN Rajendrakumar Insurance,"Fire, liability and office-package insurance for commercial establishments and offices in Alandur and St. Thomas Mount, coordinated from our Sholavaram office.",Insurance agent in Alandur and St. Thomas Mount | Insurance agent in Alandur and St. Thomas Mount,2,2880,141.6,src/pages/en/locations/[location]/index.astro,3,20
/en/locations/ambattur/,"Insurance Services in Ambattur – Motor, SME & Claim Documentation Support | MN Rajendrakumar Insurance","Ambattur support via Sholavaram office: motor renewals, SME packages and claim documentation guidance with a practical, claim-ready approach.","Insurance Agent in Ambattur, Chennai — Vehicle, Business & Health | Insurance Agent in Ambattur, Chennai — Vehicle, Business & Health",2,2970,142.7,src/pages/en/locations/[location]/index.astro,9,21
/en/locations/anna-nagar/,"Insurance Agent in Anna Nagar, Chennai — Car, Health & Family Insurance | MN Rajendrakumar Insurance","Insurance services in Anna Nagar, Chennai. Car, health, life, and family insurance from a 4.9★ IRDAI licensed agent. Multi-insurer comparison, doorstep service, and local claim support.","Insurance Agent in Anna Nagar, Chennai — Vehicle, Health & Family | Insurance Agent in Anna Nagar, Chennai — Vehicle, Health & Family",2,3471,148.9,src/pages/en/locations/[location]/index.astro,13,20
/en/locations/arani/,Insurance Support in Arani (Corridor-Connected) – Transport & Transit Guidance | MN Rajendrakumar Insurance,"Arani corridor-connected support via Sholavaram office guidance: transport/fleet, transit documentation discipline and SME packages (as applicable).",Insurance Agent in Arani — Vehicle & Business Cover | Insurance Agent in Arani — Vehicle & Business Cover,2,2864,141.1,src/pages/en/locations/[location]/index.astro,2,18
/en/locations/budur/,Insurance Services in Budur – NH Belt Transport & SME Guidance | MN Rajendrakumar Insurance,"Budur insurance guidance via Sholavaram office support: commercial vehicles, goods carriers, fleet documentation habits and MSME packages (as applicable).","Insurance Agent in Budur, Chennai — Vehicle & Business Cover | Insurance Agent in Budur, Chennai — Vehicle & Business Cover",2,2944,142.2,src/pages/en/locations/[location]/index.astro,3,20
/en/locations/chembarambakkam/,Insurance Support in Chembarambakkam – Industrial Corridor & Vehicle Guidance | MN Rajendrakumar Insurance,"Chembarambakkam insurance guidance via Sholavaram office support: commercial vehicles, SME packages, industrial/property basics and claim documentation support (as applicable).",Insurance Agent in Chembarambakkam — Vehicle & Business Cover | Insurance Agent in Chembarambakkam — Vehicle & Business Cover,2,2868,141.6,src/pages/en/locations/[location]/index.astro,5,18
/en/locations/chennai-north/,"Insurance Services in North Chennai – Commercial, Fleet & SME Insurance | MN Rajendrakumar Insurance","Insurance guidance for North Chennai belt: commercial fleet and lorry documentation, SME packages, marine cargo, and claim support from our Sholavaram office.",Insurance services in North Chennai | Insurance services in North Chennai,2,2858,142.3,src/pages/en/locations/[location]/index.astro,2,23
/en/locations/chrompet/,"Insurance Agent in Chrompet, Chennai — Car, Health & Two-Wheeler Insurance | MN Rajendrakumar Insurance","Insurance services in Chrompet, Chennai. Car, health, bike insurance with doorstep service and claim support from a 4.9★ rated IRDAI licensed agent. Multi-insurer comparison.","Insurance Agent in Chrompet, Chennai — Vehicle, Health & Family | Insurance Agent in Chrompet, Chennai — Vehicle, Health & Family",2,2790,140.8,src/pages/en/locations/[location]/index.astro,3,19
/en/locations/egmore/,"Insurance Agent in Egmore, Chennai — Car, Health & Family Insurance | MN Rajendrakumar Insurance","Insurance services in Egmore, Chennai. Car, health, life, and family insurance with doorstep service from a 4.9★ IRDAI licensed agent. Multi-insurer comparison and claim support.","Insurance Agent in Egmore, Chennai — Vehicle, Health & Family | Insurance Agent in Egmore, Chennai — Vehicle, Health & Family",2,2806,140.8,src/pages/en/locations/[location]/index.astro,6,19
/en/locations/ekkatuthangal/,"Insurance Agent in Ekkatuthangal – Print, Light Engineering & Office | MN Rajendrakumar Insurance","Fire, machinery and office package insurance for printing, light-engineering and commercial units in Ekkatuthangal, coordinated from our Sholavaram office.","Insurance agent in Ekkatuthangal — printing, light engineering & office | Insurance agent in Ekkatuthangal — printing, light engineering & office",2,2880,141.8,src/pages/en/locations/[location]/index.astro,3,20
/en/locations/ennore/,"Insurance Services in Ennore – Marine Cargo, Fleet & Industrial Insurance | MN Rajendrakumar Insurance","Ennore Kamarajar Port belt insurance guidance: marine cargo (import/export), fleet/lorry, factory fire and industrial risk support. Office coordinated from Sholavaram.",Insurance services in Ennore | Insurance services in Ennore,2,2847,142.0,src/pages/en/locations/[location]/index.astro,4,23
/en/locations/erukkanchery/,"Insurance Services in Erukkanchery – SME, Fleet & Commercial Insurance | MN Rajendrakumar Insurance","Erukkanchery area insurance guidance: SME, transport and commercial vehicle coverage from Sholavaram office.",Insurance services in Erukkanchery | Insurance services in Erukkanchery,2,2690,139.0,src/pages/en/locations/[location]/index.astro,2,18
/en/locations/guindy/,"Insurance Agent in Guindy, Chennai — Car, Health & Commercial Insurance | MN Rajendrakumar Insurance","Insurance services in Guindy, Chennai. Car, health, commercial, and industrial insurance from a 4.9★ IRDAI licensed agent. Doorstep service for Guindy Industrial Estate and surrounding areas.","Insurance Agent in Guindy, Chennai — Vehicle, Health & Business | Insurance Agent in Guindy, Chennai — Vehicle, Health & Business",2,2950,144.6,src/pages/en/locations/[location]/index.astro,11,27
/en/locations/gummidipoondi/,"Insurance Services in Gummidipoondi SIPCOT – Factory, Fleet & Contractor Insurance | MN Rajendrakumar Insurance","Gummidipoondi SIPCOT industrial zone insurance guidance: factory/fire, fleet, contractor CAR/WC and heavy equipment. Coordinated from Sholavaram.",Insurance services in Gummidipoondi SIPCOT | Insurance services in Gummidipoondi SIPCOT,2,3164,146.0,src/pages/en/locations/[location]/index.astro,5,21
/en/locations/hosur/,"Insurance Agent in Hosur — Factory, Fleet & Commercial Insurance | MN Rajendrakumar Insurance","Insurance services in Hosur industrial area. Factory, fleet, commercial vehicle, warehouse, and contractor insurance from a 4.9★ IRDAI licensed agent with 30+ years experience.","Insurance Agent in Hosur — Factory, Fleet & Commercial Insurance | Insurance Agent in Hosur — Factory, Fleet & Commercial Insurance",2,2822,141.3,src/pages/en/locations/[location]/index.astro,4,19
/en/locations/kancheepuram/,"Insurance Services in Kancheepuram – SME, Contractor & Fleet Insurance | MN Rajendrakumar Insurance","Kancheepuram district insurance guidance: SME commercial package, contractor, factory and fleet insurance. Coordinated from Sholavaram.",Insurance services in Kancheepuram | Insurance services in Kancheepuram,2,2704,139.3,src/pages/en/locations/[location]/index.astro,2,18
/en/locations/karanodai/,Insurance Services in Karanodai – NH Belt Transport & Claim Support | MN Rajendrakumar Insurance,"Karanodai NH belt support via Sholavaram office: transport/fleet documentation discipline, goods carriers, and claim documentation guidance (as applicable).","Insurance Agent in Karanodai, Chennai — Vehicle & Business Cover | Insurance Agent in Karanodai, Chennai — Vehicle & Business Cover",2,2983,143.2,src/pages/en/locations/[location]/index.astro,10,22
/en/locations/kavangarai/,Insurance Services in Kavangarai – NH Corridor & Mixed Commercial Support | MN Rajendrakumar Insurance,"Kavangarai insurance guidance via Sholavaram office support for NH movement and mixed SME needs: commercial vehicle documentation discipline, MSME packages, and claim support.","Insurance Agent in Kavangarai, Chennai — Vehicle & Business Cover | Insurance Agent in Kavangarai, Chennai — Vehicle & Business Cover",2,2998,143.2,src/pages/en/locations/[location]/index.astro,6,20
/en/locations/kilpauk/,"Insurance Agent in Kilpauk, Chennai — Car, Health & Family Insurance | MN Rajendrakumar Insurance","Insurance services in Kilpauk, Chennai. Car, health, bike, and family insurance with doorstep service from a 4.9★ IRDAI licensed agent. Multi-insurer comparison and claim support.","Insurance Agent in Kilpauk, Chennai — Vehicle, Health & Family | Insurance Agent in Kilpauk, Chennai — Vehicle, Health & Family",2,2762,140.4,src/pages/en/locations/[location]/index.astro,3,19
/en/locations/kodungaiyur/,"Insurance Services in Kodungaiyur – Fleet, Lorry & Commercial Insurance | MN Rajendrakumar Insurance","Kodungaiyur insurance guidance: fleet, lorry and SME commercial coverage from Sholavaram office.",Insurance services in Kodungaiyur | Insurance services in Kodungaiyur,2,2668,138.9,src/pages/en/locations/[location]/index.astro,3,18
/en/locations/kolathur-commercial-pockets/,"Insurance Services in Kolathur (Commercial Pockets) – Motor, SME & Claim Support | MN Rajendrakumar Insurance","Kolathur commercial pockets support via Sholavaram office: motor renewals, SME packages, claim documentation steps and practical guidance.","Insurance Agent in Kolathur, Chennai — Vehicle, Shop & Business Cover | Insurance Agent in Kolathur, Chennai — Vehicle, Shop & Business Cover",2,2949,142.5,src/pages/en/locations/[location]/index.astro,6,20
/en/locations/kolathur/,"Insurance Services in Kolathur – Motor Renewals, SME Packages & Claim Support | MN Rajendrakumar Insurance","Kolathur support via Sholavaram office: car/bike renewals, SME packages and claim documentation guidance with a practical approach.","Insurance Agent in Kolathur, Chennai — Vehicle & Business Cover | Insurance Agent in Kolathur, Chennai — Vehicle & Business Cover",2,2880,141.0,src/pages/en/locations/[location]/index.astro,7,18
/en/locations/kosapaur/,"Insurance Services in Kosapaur – Motor, SME & Claim Documentation Support | MN Rajendrakumar Insurance","Kosapaur insurance guidance via Sholavaram office support: motor renewals, SME packages, and claim documentation steps with a practical approach.","Insurance Agent in Kosapaur, Chennai — Vehicle & Business Cover | Insurance Agent in Kosapaur, Chennai — Vehicle & Business Cover",2,2905,141.2,src/pages/en/locations/[location]/index.astro,6,18
/en/locations/koyambedu/,"Insurance Agent in Koyambedu, Chennai — Car, Health & Commercial Insurance | MN Rajendrakumar Insurance","Insurance services in Koyambedu, Chennai. Car, health, commercial vehicle, and business insurance from a 4.9★ IRDAI licensed agent. Serving Koyambedu, Vadapalani, and Virugambakkam.","Insurance Agent in Koyambedu, Chennai — Vehicle, Health & Business | Insurance Agent in Koyambedu, Chennai — Vehicle, Health & Business",2,3021,143.8,src/pages/en/locations/[location]/index.astro,8,22
/en/locations/kuthambakkam/,Insurance Support in Kuthambakkam – Industrial Corridor Guidance | MN Rajendrakumar Insurance,"Kuthambakkam support via Sholavaram office guidance: transport/fleet needs, contractor CAR/WC, warehouse/property insurance basics and claim support (as applicable).",Insurance Agent in Kuthambakkam — Vehicle & Business Cover | Insurance Agent in Kuthambakkam — Vehicle & Business Cover,2,2874,141.8,src/pages/en/locations/[location]/index.astro,4,19
/en/locations/madhavaram-milk-colony/,Insurance Services in Madhavaram Milk Colony – Renewals & Claim Support | MN Rajendrakumar Insurance,"Madhavaram Milk Colony support via Sholavaram office: motor renewals, health guidance, SME packages and claim documentation steps.",Insurance Agent in Madhavaram Milk Colony — Vehicle & Business Cover | Insurance Agent in Madhavaram Milk Colony — Vehicle & Business Cover,2,2924,141.9,src/pages/en/locations/[location]/index.astro,7,19
/en/locations/madhavaram-truck-terminal/,Insurance Services near Madhavaram Truck Terminal – Commercial Vehicle & Fleet Support | MN Rajendrakumar Insurance,"Commercial-first insurance guidance near Madhavaram Truck Terminal via Sholavaram office: commercial vehicles, goods carriers, fleet documentation discipline and claim support.",Insurance Agent near Madhavaram Truck Terminal — Commercial Vehicle & Fleet | Insurance Agent near Madhavaram Truck Terminal — Commercial Vehicle & Fleet,2,3013,143.6,src/pages/en/locations/[location]/index.astro,10,21
/en/locations/madhavaram/,"Insurance Services in Madhavaram – Motor, SME & Commercial Vehicle Support | MN Rajendrakumar Insurance","Madhavaram support via Sholavaram office: motor renewals, SME packages, commercial vehicle documentation discipline and claim documentation guidance.","Insurance Agent in Madhavaram, Chennai — Vehicle, Business & Health | Insurance Agent in Madhavaram, Chennai — Vehicle, Business & Health",2,3395,148.6,src/pages/en/locations/[location]/index.astro,22,23
/en/locations/manali-industrial-estate/,"Insurance Support in Manali Industrial Estate – Industrial, Liability & Transit Guidance | MN Rajendrakumar Insurance","Manali Industrial Estate support via Sholavaram office guidance: industrial/property basics, liability awareness, transit documentation discipline and claim support (as applicable).",Insurance Agent in Manali Industrial Estate — Factory & Vehicle Cover | Insurance Agent in Manali Industrial Estate — Factory & Vehicle Cover,2,2947,142.9,src/pages/en/locations/[location]/index.astro,7,20
/en/locations/manali-new-town/,Insurance Support in Manali New Town – Commercial Vehicle & Industrial Guidance | MN Rajendrakumar Insurance,"Manali New Town support via Sholavaram office guidance: commercial vehicles, industrial/property basics, transit documentation discipline and claim support (as applicable).",Insurance Agent in Manali New Town — Industrial & Vehicle Cover | Insurance Agent in Manali New Town — Industrial & Vehicle Cover,2,2943,142.8,src/pages/en/locations/[location]/index.astro,5,21
/en/locations/manali/,"Insurance Services in Manali – Industrial, Transport & Transit Guidance | MN Rajendrakumar Insurance","Manali support via Sholavaram office guidance: commercial vehicles, industrial/property basics, transit documentation discipline and claim support (as applicable).","Insurance Agent in Manali, Chennai — Industrial & Vehicle Cover | Insurance Agent in Manali, Chennai — Industrial & Vehicle Cover",2,3056,144.8,src/pages/en/locations/[location]/index.astro,8,25
/en/locations/maraimalai-nagar/,"Insurance Agent in Maraimalai Nagar — Factory, Commercial & Industrial Insurance | MN Rajendrakumar Insurance","Insurance services in Maraimalai Nagar industrial area. Factory, fleet, warehouse, and commercial insurance from a 4.9★ IRDAI licensed agent. SIPCOT and GST Road corridor coverage.",Insurance Agent in Maraimalai Nagar — Factory & Commercial Insurance | Insurance Agent in Maraimalai Nagar — Factory & Commercial Insurance,2,2835,141.9,src/pages/en/locations/[location]/index.astro,2,20
/en/locations/medavakkam/,"Insurance Agent in Medavakkam, Chennai — Car, Health & Family Insurance | MN Rajendrakumar Insurance","Insurance services in Medavakkam, Chennai. Car, health, bike, and family insurance with doorstep service and claim support from a 4.9★ IRDAI licensed agent.","Insurance Agent in Medavakkam, Chennai — Vehicle, Health & Family | Insurance Agent in Medavakkam, Chennai — Vehicle, Health & Family",2,2786,140.8,src/pages/en/locations/[location]/index.astro,2,19
/en/locations/minjur/,"Insurance Services in Minjur – Lorry, Fleet & Commercial Vehicle Insurance | MN Rajendrakumar Insurance","Insurance guidance for Minjur — lorry, fleet and commercial vehicle documentation support from Sholavaram office.",Insurance services in Minjur | Insurance services in Minjur,2,2718,139.7,src/pages/en/locations/[location]/index.astro,5,20
/en/locations/mogappair-west/,"Insurance Services in Mogappair West – Motor, Health & Renewal Support | MN Rajendrakumar Insurance","Mogappair West support via Sholavaram office: car/bike renewals, health policy guidance, and claim documentation steps with practical clarity.","Insurance Agent in Mogappair West, Chennai — Vehicle & Health Cover | Insurance Agent in Mogappair West, Chennai — Vehicle & Health Cover",2,2914,141.6,src/pages/en/locations/[location]/index.astro,6,19
/en/locations/mogappair/,"Insurance Agent in Mogappair, Chennai — Car, Health & Family Insurance | MN Rajendrakumar Insurance","Insurance services in Mogappair, Chennai. Car, health, bike insurance with doorstep service from a 4.9★ IRDAI licensed agent. Serving Mogappair East, West, and Nolambur.","Insurance Agent in Mogappair, Chennai — Vehicle, Health & Family | Insurance Agent in Mogappair, Chennai — Vehicle, Health & Family",2,2782,140.7,src/pages/en/locations/[location]/index.astro,4,19
/en/locations/mylapore/,"Insurance Agent in Mylapore, Chennai — Car, Health & Family Insurance | MN Rajendrakumar Insurance","Insurance services in Mylapore, Chennai. Car, health, life insurance with doorstep service and claim support from a 4.9★ IRDAI licensed agent with 15+ insurer options.","Insurance Agent in Mylapore, Chennai — Vehicle, Health & Family | Insurance Agent in Mylapore, Chennai — Vehicle, Health & Family",2,2774,140.4,src/pages/en/locations/[location]/index.astro,4,18
/en/locations/naravarikuppam/,Insurance Services in Naravarikuppam – Lorry & Transport Insurance | MN Rajendrakumar Insurance,"Insurance guidance for Naravarikuppam: lorry renwal documentation, small transport operator support, and claim guidance via Sholavaram office.",Insurance services in Naravarikuppam | Insurance services in Naravarikuppam,2,2696,139.3,src/pages/en/locations/[location]/index.astro,2,18
/en/locations/nh-manali-road/,"Insurance Support near NH Manali Road – Transport, Transit & Claim Guidance | MN Rajendrakumar Insurance","NH Manali Road belt support via Sholavaram office guidance: commercial vehicles, goods carriers, transit documentation discipline and claim support (as applicable).",Insurance Agent near NH Manali Road — Vehicle & Fleet Cover | Insurance Agent near NH Manali Road — Vehicle & Fleet Cover,2,2939,142.1,src/pages/en/locations/[location]/index.astro,6,19
/en/locations/nungambakkam/,"Insurance Agent in Nungambakkam, Chennai — Car, Health & Business Insurance | MN Rajendrakumar Insurance","Insurance services in Nungambakkam, Chennai. Car, health, life, and commercial insurance from a 4.9★ IRDAI licensed agent. Multi-insurer comparison and claim support.","Insurance Agent in Nungambakkam, Chennai — Vehicle, Health & Business | Insurance Agent in Nungambakkam, Chennai — Vehicle, Health & Business",2,2788,140.9,src/pages/en/locations/[location]/index.astro,2,19
/en/locations/oragadam-outskirts/,"Insurance Support near Oragadam (Outskirts) – Industrial, Contractor & Fleet Guidance | MN Rajendrakumar Insurance","Support near Oragadam outskirts via Sholavaram office guidance: contractor CAR/WC, industrial/property basics, fleet documentation discipline and claim support (as applicable).",Insurance Agent near Oragadam — Industrial & Vehicle Cover | Insurance Agent near Oragadam — Industrial & Vehicle Cover,2,2906,142.2,src/pages/en/locations/[location]/index.astro,3,19
/en/locations/oragadam/,"Insurance Agent in Oragadam — Factory, Fleet & Industrial Insurance | MN Rajendrakumar Insurance","Insurance services in Oragadam industrial corridor. Factory, fleet, warehouse, and contractor insurance from a 4.9★ IRDAI licensed agent. SIPCOT and automotive hub coverage.","Insurance Agent in Oragadam — Factory, Fleet & Industrial Insurance | Insurance Agent in Oragadam — Factory, Fleet & Industrial Insurance",2,3204,147.2,src/pages/en/locations/[location]/index.astro,6,21
/en/locations/pattabiram/,"Insurance Services in Pattabiram – Fleet, Contractor & Vehicle Insurance | MN Rajendrakumar Insurance","Pattabiram area insurance guidance: fleet, contractor, lorry and personal motor from Sholavaram office.",Insurance services in Pattabiram | Insurance services in Pattabiram,2,2706,139.5,src/pages/en/locations/[location]/index.astro,2,19
/en/locations/perambur/,"Insurance Services in Perambur – Motor, Health & SME Support | MN Rajendrakumar Insurance","Perambur support via Sholavaram office: car/bike renewals, health policy guidance, SME packages and claim documentation support.","Insurance Agent in Perambur, Chennai — Vehicle & Business Cover | Insurance Agent in Perambur, Chennai — Vehicle & Business Cover",2,2909,141.5,src/pages/en/locations/[location]/index.astro,5,19
/en/locations/periyapalayam/,Insurance Services in Periyapalayam – Outskirts Corridor Transport & SME Support | MN Rajendrakumar Insurance,"Periyapalayam corridor support via Sholavaram office: transport/fleet guidance, SME packages and claim documentation discipline (as applicable).",Insurance Agent in Periyapalayam — Vehicle & Business Cover | Insurance Agent in Periyapalayam — Vehicle & Business Cover,2,2902,141.8,src/pages/en/locations/[location]/index.astro,7,19
/en/locations/ponneri/,"Insurance Services in Ponneri – Lorry, Fleet & SME Insurance | MN Rajendrakumar Insurance","Insurance guidance for Ponneri and surroundings: lorry/fleet, SME commercial package and claim documentation. Coordinated from Sholavaram.",Insurance services in Ponneri | Insurance services in Ponneri,2,2726,139.9,src/pages/en/locations/[location]/index.astro,5,20
/en/locations/poonamallee-bypass/,"Insurance Support near Poonamallee Bypass – Transport, Contractor & Industrial Guidance | MN Rajendrakumar Insurance","Support near Poonamallee bypass via Sholavaram office guidance: transport/fleet needs, contractor CAR/WC, industrial/property basics and claim support (as applicable).",Insurance Agent near Poonamallee Bypass — Vehicle & Business Cover | Insurance Agent near Poonamallee Bypass — Vehicle & Business Cover,2,2930,142.7,src/pages/en/locations/[location]/index.astro,7,20
/en/locations/poonamallee/,"Insurance Agent in Poonamallee, Chennai — Car, Health & Industrial Insurance | MN Rajendrakumar Insurance","Insurance services in Poonamallee, Chennai. Car, health, commercial vehicle, and industrial insurance from a 4.9★ IRDAI licensed agent. Doorstep service for Poonamallee and surrounding areas.","Insurance Agent in Poonamallee, Chennai — Vehicle, Health & Industrial | Insurance Agent in Poonamallee, Chennai — Vehicle, Health & Industrial",2,2830,142.1,src/pages/en/locations/[location]/index.astro,5,21
/en/locations/porur/,"Insurance Agent in Porur, Chennai — Car, Health & Commercial Insurance | MN Rajendrakumar Insurance","Insurance services in Porur, Chennai. Car, health, commercial insurance with doorstep service and claim support from a 4.9★ IRDAI licensed agent. Serving Porur, Ramapuram, and Mugalivakkam.","Insurance Agent in Porur, Chennai — Vehicle, Health & Business | Insurance Agent in Porur, Chennai — Vehicle, Health & Business",2,2792,141.2,src/pages/en/locations/[location]/index.astro,6,21
/en/locations/puzhal/,"Insurance Services in Puzhal (Chennai North) – Motor, SME & Claim Support | MN Rajendrakumar Insurance","Insurance guidance for Puzhal customers via Sholavaram office support: motor renewals, SME packages, and claim documentation steps. Practical, claim-ready approach.","Insurance Agent in Puzhal, Chennai — Vehicle, Business & Health | Insurance Agent in Puzhal, Chennai — Vehicle, Business & Health",2,3060,144.0,src/pages/en/locations/[location]/index.astro,13,22
/en/locations/red-hills/,"Insurance Services in Red Hills – NH Belt Transport, Warehouse & Claim Support | MN Rajendrakumar Insurance","Red Hills insurance guidance via Sholavaram office support: transport/fleet documentation discipline, warehouse/property basics (as applicable), MSME packages and claim documentation support.","Insurance Agent in Red Hills, Chennai — Vehicle, Business & Health | Insurance Agent in Red Hills, Chennai — Vehicle, Business & Health",2,3552,150.7,src/pages/en/locations/[location]/index.astro,13,26
/en/locations/retteri/,Insurance Services in Retteri – Motor Renewals & Claim Support | MN Rajendrakumar Insurance,"Retteri support via Sholavaram office: car/bike renewals, add-on clarity, claim documentation steps and practical guidance.","Insurance Agent in Retteri, Chennai — Vehicle & Business Cover | Insurance Agent in Retteri, Chennai — Vehicle & Business Cover",2,2851,140.8,src/pages/en/locations/[location]/index.astro,6,18
/en/locations/sholavaram/,Insurance Services in Sholavaram (Chennai Outskirts) – Office Support & Claim Guidance | MN Rajendrakumar Insurance,"Insurance guidance anchored to our Sholavaram office: commercial transport/fleet, warehouses/property basics, contractor workflows (as applicable), and claim documentation support. Practical, claim-ready approach.","Insurance Agent in Sholavaram, Chennai — Vehicle, Business & Health | Insurance Agent in Sholavaram, Chennai — Vehicle, Business & Health",2,3659,151.7,src/pages/en/locations/[location]/index.astro,29,26
/en/locations/sholinganallur/,"Insurance Agent in Sholinganallur, Chennai — Car, Health & IT Corridor Insurance | MN Rajendrakumar Insurance","Insurance services in Sholinganallur, OMR, Chennai. Car, health, life insurance for IT professionals and families from a 4.9★ IRDAI licensed agent with 15+ insurer options.","Insurance Agent in Sholinganallur, Chennai — Vehicle, Health & Family | Insurance Agent in Sholinganallur, Chennai — Vehicle, Health & Family",2,2848,141.9,src/pages/en/locations/[location]/index.astro,7,19
/en/locations/sidco-thirumudivakkam/,Insurance Agent near SIDCO Thirumudivakkam – Factory & Fire | MN Rajendrakumar Insurance,"Factory, fire and machinery insurance for small and mid-size manufacturing units in SIDCO Industrial Estate, Thirumudivakkam, coordinated from our Sholavaram office.","Insurance agent for SIDCO Industrial Estate, Thirumudivakkam | Insurance agent for SIDCO Industrial Estate, Thirumudivakkam",2,2878,141.9,src/pages/en/locations/[location]/index.astro,3,20
/en/locations/sriperumbudur-sipcot/,"Insurance Support near Sriperumbudur SIPCOT – Industrial, Contractor & Transit Guidance | MN Rajendrakumar Insurance","Support near Sriperumbudur SIPCOT via Sholavaram office guidance: industrial/property basics, contractor CAR/WC, transit documentation discipline and claim support (as applicable).",Insurance Agent near Sriperumbudur SIPCOT — Industrial & Vehicle Cover | Insurance Agent near Sriperumbudur SIPCOT — Industrial & Vehicle Cover,2,2945,143.0,src/pages/en/locations/[location]/index.astro,6,20
/en/locations/sriperumbudur/,"Insurance Agent in Sriperumbudur — Factory, Fleet & Industrial Insurance | MN Rajendrakumar Insurance","Insurance services in Sriperumbudur SIPCOT and industrial area. Factory, fleet, warehouse, and contractor insurance from a 4.9★ IRDAI licensed agent with 30+ years experience.","Insurance Agent in Sriperumbudur — Factory, Fleet & Commercial Insurance | Insurance Agent in Sriperumbudur — Factory, Fleet & Commercial Insurance",2,3274,147.7,src/pages/en/locations/[location]/index.astro,6,21
/en/locations/surapet/,"Insurance Services in Surapet – Motor, SME & Industrial Pockets Support | MN Rajendrakumar Insurance","Surapet insurance guidance via Sholavaram office support: motor renewals, SME packages, claim documentation support, and guidance for industrial pockets (as applicable).","Insurance Agent in Surapet, Chennai — Vehicle & Business Cover | Insurance Agent in Surapet, Chennai — Vehicle & Business Cover",2,2945,142.2,src/pages/en/locations/[location]/index.astro,4,20
/en/locations/t-nagar/,"Insurance Agent in T. Nagar, Chennai — Car, Health, Shop & Business Insurance | MN Rajendrakumar Insurance","Insurance services in T. Nagar, Chennai. Car, health, shop, fire, and commercial insurance from a 4.9★ IRDAI licensed agent. Doorstep service for T. Nagar, Mambalam, and surrounding areas.","Insurance Agent in T. Nagar, Chennai — Vehicle, Health & Shop Insurance | Insurance Agent in T. Nagar, Chennai — Vehicle, Health & Shop Insurance",2,3335,148.0,src/pages/en/locations/[location]/index.astro,10,20
/en/locations/tambaram/,"Insurance Agent in Tambaram, Chennai — Car, Health, Bike & Commercial Insurance | MN Rajendrakumar Insurance","Insurance services in Tambaram, Chennai. Car, health, bike, life, and commercial insurance from a 4.9★ IRDAI licensed agent. Doorstep service, multi-insurer comparison, and local claim support.","Insurance Agent in Tambaram, Chennai — Vehicle, Health & Business | Insurance Agent in Tambaram, Chennai — Vehicle, Health & Business",2,3276,147.7,src/pages/en/locations/[location]/index.astro,8,23
/en/locations/thirumazhisai/,"Insurance Support in Thirumazhisai – Transport, SME & Industrial Guidance | MN Rajendrakumar Insurance","Thirumazhisai insurance guidance via Sholavaram office support: commercial vehicles, SME packages, industrial/property basics and claim documentation discipline.",Insurance Agent in Thirumazhisai — Vehicle & Business Cover | Insurance Agent in Thirumazhisai — Vehicle & Business Cover,2,2900,142.0,src/pages/en/locations/[location]/index.astro,7,19
/en/locations/thirumullaivoyal/,"Insurance Services in Thirumullaivoyal – Fleet, Industrial & SME Insurance | MN Rajendrakumar Insurance","Thirumullaivoyal insurance guidance: fleet/lorry, heavy equipment, SME and warehouse coverage near airport belt. Coordinated from Sholavaram.",Insurance services in Thirumullaivoyal | Insurance services in Thirumullaivoyal,2,2728,140.3,src/pages/en/locations/[location]/index.astro,4,20
/en/locations/thiruninravur/,"Insurance Services in Thiruninravur – Motor, SME & Commercial Vehicle Support | MN Rajendrakumar Insurance","Thiruninravur insurance guidance via Sholavaram office support: motor renewals, SME packages, commercial vehicle documentation habits and claim support.",Insurance Agent in Thiruninravur — Vehicle & Business Cover | Insurance Agent in Thiruninravur — Vehicle & Business Cover,2,2898,141.9,src/pages/en/locations/[location]/index.astro,3,19
/en/locations/thiruvallur-sipcot-outskirts/,Insurance Support near Thiruvallur SIPCOT (Outskirts) – Industrial & Contractor Needs | MN Rajendrakumar Insurance,"Support near Thiruvallur SIPCOT outskirts via Sholavaram office guidance: industrial/property insurance basics, contractor CAR/WC guidance and claim documentation discipline (as applicable).",Insurance Agent near Thiruvallur SIPCOT — Industrial & Vehicle Cover | Insurance Agent near Thiruvallur SIPCOT — Industrial & Vehicle Cover,2,2926,142.6,src/pages/en/locations/[location]/index.astro,4,19
/en/locations/thiruvallur/,"Insurance Services in Thiruvallur – Fleet, Factory & Commercial Insurance | MN Rajendrakumar Insurance","Insurance guidance for Thiruvallur district: lorry and fleet renewal documentation, factory and property risk, contractor support, and claim guidance via Sholavaram office.",Insurance services in Thiruvallur | Insurance services in Thiruvallur,2,2834,142.0,src/pages/en/locations/[location]/index.astro,3,22
/en/locations/tiruvottiyur/,"Insurance Services in Tiruvottiyur – Fleet, Marine Cargo & Factory Insurance | MN Rajendrakumar Insurance","Insurance guidance for Tiruvottiyur's industrial estate and port belt: fleet/lorry, marine cargo (import-export), factory/fire and claim documentation support. Coordinated from Sholavaram.",Insurance services in Tiruvottiyur | Insurance services in Tiruvottiyur,2,2816,141.6,src/pages/en/locations/[location]/index.astro,5,21
/en/locations/tondiarpet/,"Insurance Services in Tondiarpet – Lorry, Fleet & Industrial Insurance | MN Rajendrakumar Insurance","Insurance guidance for Tondiarpet: lorry/fleet, marine cargo, warehouse and claim documentation support from Sholavaram office.",Insurance services in Tondiarpet | Insurance services in Tondiarpet,2,2714,139.6,src/pages/en/locations/[location]/index.astro,4,19
/en/locations/velachery/,"Insurance Agent in Velachery, Chennai — Car, Health & Life Insurance | MN Rajendrakumar Insurance","Insurance services in Velachery, Chennai. Car, health, life insurance with doorstep service and claim support. Multi-insurer comparison from a 4.9★ IRDAI licensed agent.","Insurance Agent in Velachery, Chennai — Vehicle, Health & Family | Insurance Agent in Velachery, Chennai — Vehicle, Health & Family",2,3250,146.9,src/pages/en/locations/[location]/index.astro,9,21
/en/locations/velappanchavadi/,"Insurance Services in Velappanchavadi – SME, Fleet & Personal Motor Insurance | MN Rajendrakumar Insurance","Velappanchavadi insurance guidance: SME, fleet and personal motor coverage from Sholavaram office.",Insurance services in Velappanchavadi | Insurance services in Velappanchavadi,2,2684,139.4,src/pages/en/locations/[location]/index.astro,2,19
/en/locations/veppampattu/,Insurance Services in Veppampattu – Commercial Vehicle & SME Guidance | MN Rajendrakumar Insurance,"Veppampattu insurance guidance via Sholavaram office support for commercial vehicles, goods carriers, SME packages and claim documentation help (as applicable).",Insurance Agent in Veppampattu — Vehicle & Business Cover | Insurance Agent in Veppampattu — Vehicle & Business Cover,2,2932,142.1,src/pages/en/locations/[location]/index.astro,3,19
/en/locations/villivakkam-industrial-areas/,"Insurance Support in Villivakkam (Industrial Areas) – SME, Property & Motor | MN Rajendrakumar Insurance","Villivakkam industrial areas support via Sholavaram office: SME packages, selected property risk guidance (as applicable), motor renewals and claim documentation help.","Insurance Agent in Villivakkam, Chennai — Vehicle & Business Cover | Insurance Agent in Villivakkam, Chennai — Vehicle & Business Cover",2,2913,142.1,src/pages/en/locations/[location]/index.astro,6,19
/en/lorry-insurance-gummidipoondi/,Lorry Insurance in Gummidipoondi – SIPCOT Belt Heavy Vehicle & Fleet Support | MN Rajendrakumar Insurance,"Lorry/HGV insurance for Gummidipoondi SIPCOT belt operators: renewal documentation, permit compliance, IDV alignment, and claim support via Sholavaram office.",M N Rajendrakumar Insurance Services | Lorry insurance in Gummidipoondi,3,3169,154.2,src/pages/en/[intentSlug]/index.astro,0,12
/en/lorry-insurance-near-me/,"Lorry Insurance Near Me – Heavy Vehicle Renewal & Documentation (Sholavaram, Chennai North) | MN Rajendrakumar Insurance","Looking for lorry insurance near you? Sholavaram-based IRDAI-licensed agent: renewed lorry/HGV documentation, IDV alignment, permit checks, and claim support across Chennai North belt.",M N Rajendrakumar Insurance Services | Lorry insurance near me (Sholavaram office support),3,3330,156.5,src/pages/en/[intentSlug]/index.astro,0,13
/en/lorry-insurance-red-hills/,Lorry Insurance in Red Hills – NH Belt Heavy Vehicle & Fleet Renewal | MN Rajendrakumar Insurance,"Lorry/heavy vehicle insurance support for Red Hills NH belt operators: documentation-first renewal, IDV alignment, permit compliance, and claim guidance via Sholavaram office.",M N Rajendrakumar Insurance Services | Lorry insurance in Red Hills,3,3214,154.4,src/pages/en/[intentSlug]/index.astro,0,12
/en/lorry-insurance-sholavaram/,Lorry Insurance in Sholavaram – Heavy Vehicle Renewal & Documentation | MN Rajendrakumar Insurance,"Lorry/HGV insurance in Sholavaram: office-based renewal support, IDV alignment, permit compliance, and claim documentation by IRDAI-licensed agent M N Rajendrakumar.",M N Rajendrakumar Insurance Services | Lorry insurance in Sholavaram,3,3217,154.8,src/pages/en/[intentSlug]/index.astro,0,12
/en/lorry-insurance-thiruvallur/,Lorry Insurance in Thiruvallur – District Transport & Fleet Renewal Support | MN Rajendrakumar Insurance,"Lorry and heavy vehicle insurance for Thiruvallur district operators: renewal documentation, IDV alignment, permit compliance, and claim support via Sholavaram office.",M N Rajendrakumar Insurance Services | Lorry insurance in Thiruvallur,3,3123,153.6,src/pages/en/[intentSlug]/index.astro,0,11
/en/machinery-breakdown-insurance-guindy/,Machinery Breakdown Insurance in Guindy Industrial Estate | MN Rajendrakumar Insurance,"Machinery breakdown insurance for factories and manufacturing units in Guindy Industrial Estate, covering mechanical and electrical breakdown separate from fire cover.",M N Rajendrakumar Insurance Services | Machinery breakdown insurance in Guindy Industrial Estate,3,3395,156.6,src/pages/en/[intentSlug]/index.astro,1,12
/en/machinery-breakdown-insurance-oragadam/,Machinery Breakdown Insurance in Oragadam Industrial Belt | MN Rajendrakumar Insurance,"Machinery breakdown insurance for factories and industrial units in the Oragadam SIPCOT belt — mechanical/electrical failure cover, separate from fire insurance.",M N Rajendrakumar Insurance Services | Machinery breakdown insurance in Oragadam,3,3443,158.5,src/pages/en/[intentSlug]/index.astro,1,13
/en/manage-existing-insurance-policy/,"Manage My Existing Insurance Policy – Renewal Tracking, Endorsements & Claim-Ready Checks | MN Rajendrakumar Insurance","Have an existing policy but no proper follow-up? We help manage basics: renewal tracking, IDV/NCB/add-on checks, endorsements, and documentation discipline (vehicle/business cases as applicable).",M N Rajendrakumar Insurance Services | Manage my existing policy (renewal + clarity + documentation),3,3240,155.3,src/pages/en/[intentSlug]/index.astro,1,13
/en/manufacturer-export-insurance-chennai/,Insurance for Manufacturers Who Export — Chennai Factory to Port Cover | MN Rajendrakumar Insurance,"Insurance for manufacturers exporting from Chennai — factory property cover plus export cargo insurance for the same operation, coordinated together. Call 7448324068.","M N Rajendrakumar Insurance Services | Insurance for Manufacturers Who Export, in Chennai",3,3598,159.3,src/pages/en/[intentSlug]/index.astro,1,13
/en/marine-cargo-insurance-ennore-port/,Marine Cargo Insurance – Ennore & Kattupalli Port Belt | MN Rajendrakumar Insurance,"Marine cargo and goods-in-transit insurance for import/export shipments moving through the Ennore–Kattupalli port belt, with documentation support for invoice, packing list and dispatch proof.",M N Rajendrakumar Insurance Services | Marine cargo insurance for the Ennore–Kattupalli port belt,3,3403,156.8,src/pages/en/[intentSlug]/index.astro,1,12
/en/marine-cargo-insurance-ennore/,Marine Cargo Insurance in Ennore – Kamarajar Port Transit & Import/Export Cover | MN Rajendrakumar Insurance,"Marine cargo insurance for Ennore (Kamarajar Port) import/export businesses: goods-in-transit policies, port risk, and claim documentation guidance via Sholavaram office.",M N Rajendrakumar Insurance Services | Marine cargo insurance in Ennore (Kamarajar Port),3,3233,155.4,src/pages/en/[intentSlug]/index.astro,0,12
/en/marine-cargo-insurance-tiruvottiyur/,Marine Cargo Insurance in Tiruvottiyur – Port-Adjacent Transit & Goods Cover | MN Rajendrakumar Insurance,"Marine cargo and goods-in-transit insurance for Tiruvottiyur businesses: port-adjacent risk, import/export coverage, and claim documentation via Sholavaram office.",M N Rajendrakumar Insurance Services | Marine cargo insurance in Tiruvottiyur,3,3127,153.9,src/pages/en/[intentSlug]/index.astro,0,11
/en/marine-hull-insurance-kattupalli-port/,"Marine Hull Insurance Near Kattupalli Port & Shipyard, Chennai | MN Rajendrakumar Insurance","Marine hull and inland vessel insurance for boats, barges and craft operating near Kattupalli Port and shipyard — survey-backed valuation and claim-ready documentation.",M N Rajendrakumar Insurance Services | Marine hull insurance near Kattupalli Port,3,3407,157.5,src/pages/en/[intentSlug]/index.astro,1,12
/en/mining-heavy-industrial-insurance-manali/,"Mining & Heavy Industrial Insurance in Manali, Chennai | MN Rajendrakumar Insurance","Mining and heavy industrial insurance for processing and extraction operations in the Manali industrial belt — cover pieced together across categories, not sold as a single off-the-shelf policy.",M N Rajendrakumar Insurance Services | Mining and heavy industrial insurance in Manali,3,3440,159.1,src/pages/en/[intentSlug]/index.astro,1,13
/en/new-business-startup-insurance-chennai/,Insurance for New Businesses & Startups — Chennai | MN Rajendrakumar Insurance,"Insurance guidance for new companies, startups, and MSMEs setting up near Chennai. What's mandatory, what's commonly needed early, and how to avoid gaps as you register and hire. Call 7448324068.",M N Rajendrakumar Insurance Services | Insurance for New Businesses & Startups in Chennai,3,4973,173.8,src/pages/en/[intentSlug]/index.astro,4,13
/en/not-sure-if-we-cover-you/,"Not Sure If We Cover Your Situation? – Ask Us Directly, Chennai & Tamil Nadu | MN Rajendrakumar Insurance","Don't see your exact vehicle, business, property or location listed? Most cases are still covered—send one WhatsApp message and we'll confirm in minutes.",M N Rajendrakumar Insurance Services | Don't see your exact situation listed? It's still very likely we cover it.,3,3785,160.2,src/pages/en/[intentSlug]/index.astro,2,11
/en/office-insurance-guindy/,"Office Insurance Package in Guindy, Chennai | MN Rajendrakumar Insurance","Office insurance package for Guindy's commercial and IT-park offices — equipment, furniture and business interruption cover, distinct from a retail shop policy.",M N Rajendrakumar Insurance Services | Office insurance package in Guindy,3,3423,157.9,src/pages/en/[intentSlug]/index.astro,1,13
/en/photos/,Photos | MN Rajendrakumar Insurance,Office and Google posts photos from our Sholavaram base—real local context for customers in Chennai North & NH corridors.,M N Rajendrakumar Insurance Services | Photos,3,1289,120.6,src/pages/en/photos/index.astro,301,10
/en/plot-for-sale-sholavaram/,"CMDA Approved Plots for Sale in Sholavaram, Red Hills – Arimaa KVG Nagar | ₹2400/sq.ft","1096 & 1231 sq.ft CMDA approved (No. 190/2022) west-facing plots in gated community, Sholavaram, Ponneri Taluk. Individual patta, direct owner sale, no brokerage. Call for site visit.","CMDA Approved Plots for Sale — Arimaa KVG Nagar, Sholavaram",1,2812,65.4,src/pages/en/plot-for-sale-sholavaram/index.astro,1,1
/en/policies/,"Insurance Policy Guides — Car, Health, Bike & Commercial | MN Rajendrakumar Insurance","Complete insurance policy guides for Chennai. Car insurance, health insurance, bike insurance, commercial vehicle insurance — coverage types, claim process, pricing, and what to check before buying. Expert guidance from a 4.9★ rated, 30+ year IRDAI licensed agent.",M N Rajendrakumar Insurance Services | Insurance Policy Guides,3,1800,124.8,src/pages/en/policies/index.astro,5,13
/en/policies/bike-insurance/,"Bike & Two-Wheeler Insurance in Chennai — Coverage, Claim & Renewal Guide | MN Rajendrakumar Insurance","Best bike insurance in Chennai. Third-party vs comprehensive. Zero depreciation, personal accident cover explained. Multi-insurer comparison. 4.9★ rated agent. Call 7448324068.",M N Rajendrakumar Insurance Services | Bike & Two-Wheeler Insurance in Chennai — Complete Guide,3,4170,173.6,src/pages/en/policies/[policySlug]/index.astro,20,16
/en/policies/car-insurance/,"Car Insurance in Chennai — Complete Guide, Coverage Types & Claim Support | MN Rajendrakumar Insurance","Best car insurance in Chennai. Compare comprehensive, third-party & standalone OD. Zero depreciation, RSA, NCB explained. 4.9★ rated agent. Multi-insurer comparison. Doorstep service. Call 7448324068.",M N Rajendrakumar Insurance Services | Car Insurance in Chennai — Complete Guide & Claim Support,3,5103,181.7,src/pages/en/policies/[policySlug]/index.astro,37,16
/en/policies/commercial-vehicle-insurance/,"Commercial Vehicle Insurance in Chennai — Lorry, Truck, Fleet & Permit Guide | MN Rajendrakumar Insurance","Best commercial vehicle insurance in Chennai. Lorry, truck, trailer, fleet coverage. Permit/fitness/RC alignment. Multi-insurer comparison. 30+ years expertise. 4.9★ rated. Call 7448324068.","M N Rajendrakumar Insurance Services | Commercial Vehicle Insurance in Chennai — Lorry, Truck & Fleet Guide",3,4664,180.1,src/pages/en/policies/[policySlug]/index.astro,15,16
/en/policies/health-insurance/,"Health Insurance in Chennai — Family, Individual & Senior Plans Guide | MN Rajendrakumar Insurance","Best health insurance in Chennai. Compare family floater, individual & senior citizen plans across 15+ insurers. Cashless hospitals, claim process explained. 4.9★ rated. Call 7448324068.","M N Rajendrakumar Insurance Services | Health Insurance in Chennai — Plans, Coverage & Claim Guide",3,4871,180.1,src/pages/en/policies/[policySlug]/index.astro,40,15
/en/policy-expired-what-to-do/,"Policy Expired? What To Do Next – Avoid Gaps, Break-in Rules & Costly Mistakes | MN Rajendrakumar Insurance","If your insurance policy expired or is about to expire, act fast. We guide renewal steps, gap risks, and case-dependent insurer rules (Sholavaram / Chennai support).",M N Rajendrakumar Insurance Services | Policy expired (what to do now),3,3216,154.4,src/pages/en/[intentSlug]/index.astro,2,12
/en/professional-indemnity-do-insurance-sholinganallur/,D&O / Professional Indemnity Insurance in Sholinganallur (OMR IT Corridor) | MN Rajendrakumar Insurance,Directors & Officers and Professional Indemnity insurance for companies and consultancies along the Sholinganallur/OMR IT corridor.,M N Rajendrakumar Insurance Services | D&O and Professional Indemnity insurance in Sholinganallur,3,3453,159.0,src/pages/en/[intentSlug]/index.astro,1,13
/en/proof-experience/,Proof & Experience | MN Rajendrakumar Insurance,Practical learnings from claim-side conversations: what delays claims and what makes processes smoother.,M N Rajendrakumar Insurance Services | Proof & Experience,3,1338,97.4,src/pages/en/proof-experience/index.astro,1,15
/en/proof-experience/30-years-claim-handling/,30+ Years of Claim Handling – What Delays Claims (Real Patterns) | M N Rajendrakumar Insurance Services,"Real claim-handling patterns: what delays claims, what insurers verify first, and the documentation habits that prevent avoidable disputes (case-dependent).",30+ years of claim handling: what delays claims (real patterns) | M N Rajendrakumar Insurance Services,2,821,83.7,src/pages/en/proof-experience/[slug]/index.astro,2,9
/en/proof-experience/insurer-approval-checklist/,What insurers check before approving business policies | M N Rajendrakumar Insurance Services,"Underwriting checks: location risk, valuation, compliance basics and history. Simple checklist to prepare for approvals.",What insurers check before approving business policies | M N Rajendrakumar Insurance Services,2,692,79.2,src/pages/en/proof-experience/[slug]/index.astro,1,9
/en/proof-experience/online-vs-advisor/,Online vs advisor: where people lose money during claims | M N Rajendrakumar Insurance Services,"Buying online is fine—claim success depends on disclosure, wording and proof discipline. Here’s the practical difference.",Online vs advisor: where people lose money during claims | M N Rajendrakumar Insurance Services,2,694,79.1,src/pages/en/proof-experience/[slug]/index.astro,1,9
/en/proof-experience/recently-assisted-commercial-client/,What we fixed before a commercial renewal (generic case) | M N Rajendrakumar Insurance Services,"A claim-first renewal approach: sum insured, proof alignment and wording clarity corrected before renewal to prevent future claim friction.",Before renewal: what we fixed (generic commercial case) | M N Rajendrakumar Insurance Services,2,693,79.3,src/pages/en/proof-experience/[slug]/index.astro,1,9
/en/remote-insurance-support/,"Remote Insurance Support – WhatsApp, Phone & Document Guidance | MN Rajendrakumar Insurance","Remote insurance support via WhatsApp/phone: what we can do remotely, what documents to share, and what requires insurer inspection or physical steps.",M N Rajendrakumar Insurance Services | Remote insurance support (WhatsApp + phone),3,3107,150.5,src/pages/en/remote-insurance-support/index.astro,7,12
/en/renewals/,Renewals | MN Rajendrakumar Insurance,"Renewal guidance for car, commercial vehicles and LIC—checklists and claim-safe renewal discipline for Chennai North & NH corridors.",M N Rajendrakumar Insurance Services | Renewal & LIC (Support),3,1812,103.4,src/pages/en/renewals/index.astro,0,15
/en/renewals/car-insurance-renewal/,Car renewal: 5 things to check before paying | M N Rajendrakumar Insurance Services,"Renewal checklist: IDV, NCB, add-ons clarity and wording discipline—so claims don’t surprise you later.",Car renewal: 5 things to check before paying | M N Rajendrakumar Insurance Services,2,678,78.6,src/pages/en/renewals/[slug]/index.astro,1,9
/en/renewals/lic-premium-continuity/,LIC premium continuity: why lapses create problems | M N Rajendrakumar Insurance Services,What a lapse changes and how simple reminders + nominee updates prevent avoidable issues later.,LIC premium continuity: why lapses create problems | M N Rajendrakumar Insurance Services,2,658,78.5,src/pages/en/renewals/[slug]/index.astro,1,9
/en/renewals/lorry-insurance-renewal/,Lorry renewal tips for Chennai outskirts fleets | M N Rajendrakumar Insurance Services,"Permits, fitness, driver basics, claim history and add-ons that matter for transport operators in NH belts.",Lorry renewal tips for Chennai outskirts fleets | M N Rajendrakumar Insurance Services,2,659,78.6,src/pages/en/renewals/[slug]/index.astro,1,9
/en/reviews/,Reviews | MN Rajendrakumar Insurance,Google Business Profile reviews and customer feedback for M N Rajendrakumar Insurance Services (Sholavaram).,M N Rajendrakumar Insurance Services | Google Reviews (Verified),3,2153,114.2,src/pages/en/reviews/index.astro,301,12
/en/same-day-insurance-renewal/,Same-Day Insurance Renewal – Fast Checklist for Car/Commercial Renewals (Chennai Support) | MN Rajendrakumar Insurance,"Need renewal today? Get a practical same-day renewal checklist: what to share on WhatsApp, what slows renewals, and when insurer rules may require extra steps (case-dependent).",M N Rajendrakumar Insurance Services | Same-day insurance renewal (what we can do today),3,3380,156.8,src/pages/en/[intentSlug]/index.astro,0,13
/en/school-trust-ngo-insurance-chennai/,"Insurance for Schools, Trusts & NGOs in Chennai — Property, Liability & Staff Cover | MN Rajendrakumar Insurance","Insurance for schools, charitable trusts, NGOs, and societies in Chennai — property, public liability for visitors/students, and staff/volunteer cover. Call 7448324068.","M N Rajendrakumar Insurance Services | Insurance for Schools, Trusts & NGOs in Chennai",3,4250,169.1,src/pages/en/[intentSlug]/index.astro,2,14
/en/seasonal/,"Seasonal Insurance — Financial Year, Monsoon, Tax Deadline Guides | MN Rajendrakumar Insurance","Time-sensitive insurance guides: financial year end renewal, corporate insurance checklist, group health renewal, monsoon car insurance, tax saving insurance, and year-end coverage review. Act at the right time — save money, avoid gaps.",M N Rajendrakumar Insurance Services | Seasonal insurance guides — act at the right time,3,2495,136.3,src/pages/en/seasonal/index.astro,18,27
/en/seasonal/affordable-employee-health-insurance-small-company/,Affordable Employee Health Insurance for Small Company — Low Cost Group Health Plans Chennai | MN Rajendrakumar Insurance,"Affordable employee health insurance for small companies in Chennai. Group health plans starting ₹2,500/employee/year for 7-50 employee companies. Compare low cost options from Star Health, Care Health, HDFC ERGO.","M N Rajendrakumar Insurance Services | Affordable employee health insurance for small companies — starting ₹2,500/employee/year",3,4267,171.3,src/pages/en/seasonal/[seasonalSlug]/index.astro,1,13
/en/seasonal/affordable-fleet-insurance-renewal-march/,Affordable Fleet Insurance Renewal Before March 31 — Bulk Rates for Transport Companies | MN Rajendrakumar Insurance,"Affordable fleet insurance renewal before March 31. Bulk discount rates for transport operators with 5-500 vehicles. Lorry, truck, tanker, trailer — compare premiums across insurers. Save 10-25% on fleet renewal.",M N Rajendrakumar Insurance Services | Affordable fleet insurance renewal before March 31 — bulk rates for transport companies,3,4246,171.3,src/pages/en/seasonal/[seasonalSlug]/index.astro,1,14
/en/seasonal/best-group-health-insurance-sme-chennai/,Best Group Health Insurance for SME in Chennai — Compare Plans for 10-200 Employees | MN Rajendrakumar Insurance,"Best group health insurance for SME companies in Chennai. Compare Star Health, HDFC ERGO, Care Health, ICICI Lombard plans for 10-200 employees. Room rent, cashless network, premium comparison by a 4.9★ rated agent.",M N Rajendrakumar Insurance Services | Best group health insurance for SME companies in Chennai,3,4184,170.7,src/pages/en/seasonal/[seasonalSlug]/index.astro,2,13
/en/seasonal/corporate-insurance-renewal-checklist/,"Corporate Insurance Renewal Checklist — Group Health, Fire, WC, Liability | FY 2026-27 | MN Rajendrakumar Insurance","Corporate insurance renewal checklist for FY 2026-27. Group health, fire, workmen compensation, liability, and fleet insurance. Complete renewal guide for HR, Admin, and Finance teams.",M N Rajendrakumar Insurance Services | Corporate insurance renewal checklist — FY 2026-27,3,4270,172.1,src/pages/en/seasonal/[seasonalSlug]/index.astro,5,13
/en/seasonal/factory-insurance-renewal-financial-year/,"Factory Insurance Renewal Financial Year End — Fire, Machinery, Stock, WC | Manufacturing | MN Rajendrakumar Insurance","Factory insurance renewal before FY end. Fire, machinery breakdown, stock, workmen compensation — checklist for manufacturing companies. Update sum insured, stock declaration, and fire load assessment. Chennai manufacturing insurance expert.",M N Rajendrakumar Insurance Services | Factory insurance renewal — March 31 deadline for manufacturing companies,3,4370,172.7,src/pages/en/seasonal/[seasonalSlug]/index.astro,1,12
/en/seasonal/fast-commercial-vehicle-insurance-renewal/,"Fast Commercial Vehicle Insurance Renewal — Same Day Lorry, Truck, Tanker Policy Renewal | MN Rajendrakumar Insurance","Fast commercial vehicle insurance renewal. Same-day lorry, truck, tanker, bus, trailer policy renewal. Vehicle stuck without insurance? We process renewal within hours. Chennai commercial vehicle insurance expert.","M N Rajendrakumar Insurance Services | Fast commercial vehicle insurance renewal — same day lorry, truck & tanker renewal",3,4211,170.8,src/pages/en/seasonal/[seasonalSlug]/index.astro,1,13
/en/seasonal/financial-year-end-insurance-renewal/,Insurance Renewal Before March 31 — Financial Year End Checklist for Companies & Individuals | MN Rajendrakumar Insurance,"Renew your insurance before March 31. Corporate group health, fleet, fire, and personal car/bike/health insurance — financial year end renewal checklist. Avoid policy lapse, tax deadline, and coverage gaps.",M N Rajendrakumar Insurance Services | Insurance renewal before March 31 — don't let policies lapse at FY end,3,4470,173.7,src/pages/en/seasonal/[seasonalSlug]/index.astro,1,12
/en/seasonal/group-health-insurance-renewal/,"Group Health Insurance Renewal for Companies — FY 2026-27 | Compare, Negotiate, Renew | MN Rajendrakumar Insurance","Group health insurance renewal for companies in Chennai. Compare premiums, negotiate with insurers, update employee lists, and ensure zero-gap coverage for FY 2026-27. Expert guidance from a 4.9★ rated agent.",M N Rajendrakumar Insurance Services | Group health insurance renewal for companies — FY 2026-27,3,4334,171.8,src/pages/en/seasonal/[seasonalSlug]/index.astro,1,12
/en/seasonal/insurance-renewal-policy-expired-what-to-do/,"Insurance Policy Expired — What to Do Now | Renew Lapsed Car, Bike, Health, Commercial Policy | MN Rajendrakumar Insurance","Insurance policy expired? What to do now — car, bike, health, commercial, group health. How to renew lapsed policy, NCB recovery, continuity benefits, and inspection requirements. Urgent renewal support Chennai.",M N Rajendrakumar Insurance Services | Insurance policy expired? Here's exactly what to do — step by step,3,4335,171.2,src/pages/en/seasonal/[seasonalSlug]/index.astro,1,14
/en/seasonal/last-minute-corporate-insurance-renewal-chennai/,Last Minute Corporate Insurance Renewal Chennai — Same Day Processing Before March 31 | MN Rajendrakumar Insurance,"Last minute corporate insurance renewal in Chennai. Group health, fire, WC, liability — same day processing before March 31. Don't let company policies lapse. IRDAI licensed agent, 30+ years experience.",M N Rajendrakumar Insurance Services | Last minute corporate insurance renewal — same day processing in Chennai,3,4216,170.8,src/pages/en/seasonal/[seasonalSlug]/index.astro,1,11
/en/seasonal/mid-year-insurance-review/,Mid-Year Insurance Review — Check Your Coverage Before Year-End | H2 Insurance Audit | MN Rajendrakumar Insurance,"Mid-year insurance review: check if your coverage is adequate, update sum insured, review claims experience, and prepare for year-end renewals. For companies and individuals in Chennai.",M N Rajendrakumar Insurance Services | Mid-year insurance review — is your coverage still adequate?,3,4170,169.5,src/pages/en/seasonal/[seasonalSlug]/index.astro,1,11
/en/seasonal/monsoon-car-insurance-chennai/,"Monsoon Car & Bike Insurance Chennai — Flood, Waterlogging & Engine Damage Coverage | MN Rajendrakumar Insurance","Monsoon car insurance for Chennai. Engine protection add-on, flood damage coverage, zero depreciation, and waterlogging claim guide. Prepare your vehicle insurance before Chennai monsoon season.",M N Rajendrakumar Insurance Services | Monsoon car & bike insurance — Chennai flood and waterlogging coverage,3,4379,172.1,src/pages/en/seasonal/[seasonalSlug]/index.astro,1,14
/en/seasonal/msme-business-insurance-renewal-checklist/,"MSME Business Insurance Renewal Checklist — Fire, WC, Health, Vehicle | Financial Year End | MN Rajendrakumar Insurance","MSME business insurance renewal checklist for financial year end. Fire, workmen compensation, group health, vehicle, liability — complete checklist for MSME and small business owners in Chennai.",M N Rajendrakumar Insurance Services | MSME business insurance renewal checklist — don't miss anything at FY end,3,4349,173.1,src/pages/en/seasonal/[seasonalSlug]/index.astro,2,11
/en/seasonal/new-financial-year-insurance-planning/,New Financial Year Insurance Planning — April 2026 Checklist for Companies & Families | MN Rajendrakumar Insurance,"New financial year insurance planning for April 2026. Set up company insurance budgets, personal coverage review, and renewal calendar. Start FY 2026-27 with complete insurance protection.",M N Rajendrakumar Insurance Services | New financial year insurance planning — April 2026 checklist,3,4172,169.9,src/pages/en/seasonal/[seasonalSlug]/index.astro,1,12
/en/seasonal/startup-insurance-requirements-new-company/,Startup Insurance Requirements — New Company Insurance Checklist for Chennai Startups | MN Rajendrakumar Insurance,"Startup insurance requirements for new companies. What insurance does a new startup need? Group health, D&O liability, professional indemnity, fire, cyber — checklist for Chennai startups and new businesses.",M N Rajendrakumar Insurance Services | Startup insurance requirements — what every new company needs from day one,3,4293,172.3,src/pages/en/seasonal/[seasonalSlug]/index.astro,1,11
/en/seasonal/tax-saving-insurance-before-march-31/,Tax Saving Insurance Before March 31 — Section 80C & 80D Last Date | MN Rajendrakumar Insurance,"Buy tax saving insurance before March 31. Health insurance for Section 80D, life insurance for Section 80C. Last date guide — what to buy, how much tax you save, and common mistakes to avoid.",M N Rajendrakumar Insurance Services | Tax saving insurance before March 31 — Section 80C & 80D last date,3,4360,170.7,src/pages/en/seasonal/[seasonalSlug]/index.astro,1,13
/en/seasonal/urgent-group-health-insurance-renewal-company/,Urgent Group Health Insurance Renewal for Company — Last Minute Before March 31 | MN Rajendrakumar Insurance,"Urgent group health insurance renewal for your company before March 31. Same-day processing, employee list updates, insurer negotiation. Don't let employees go uninsured — contact now for fast renewal.",M N Rajendrakumar Insurance Services | Urgent group health insurance renewal for your company — last minute? We handle it,3,4283,170.9,src/pages/en/seasonal/[seasonalSlug]/index.astro,1,12
/en/seasonal/year-end-insurance-review-checklist/,Year-End Insurance Review Checklist — Annual Coverage Audit Before January | Chennai | MN Rajendrakumar Insurance,"Year-end insurance review checklist: audit all personal and business policies, check coverage gaps, and plan next year's insurance needs. Annual coverage review guide for Chennai.",M N Rajendrakumar Insurance Services | Year-end insurance review — annual coverage audit checklist,3,4202,169.9,src/pages/en/seasonal/[seasonalSlug]/index.astro,1,13
/en/services/,Services | MN Rajendrakumar Insurance,"Insurance guidance for commercial, transport, industrial and personal needs—built around documentation clarity and claim-ready workflows across Chennai and corridor belts.","M N Rajendrakumar Insurance Services | Insurance services (commercial, transport, industrial + personal support)",3,3521,142.4,src/pages/en/services/index.astro,301,110
/en/services/business-msme-insurance/,Business & MSME Insurance (Overview) | Services | MN Rajendrakumar Insurance,"SME packages and business risk coverage—sum insured discipline, valuation proof and basic claims readiness (as applicable).",M N Rajendrakumar Insurance Services | Business & MSME Insurance (Overview),3,2420,137.6,src/pages/en/services/[category]/index.astro,2,12
/en/services/business-msme/,Business & MSME Insurance | Services | MN Rajendrakumar Insurance,"For shops, offices and service businesses—wording alignment, valuation, and proof discipline.",M N Rajendrakumar Insurance Services | Business & MSME Insurance,3,2466,138.8,src/pages/en/services/[category]/index.astro,4,12
/en/services/business-msme/business-msme-insurance/,"MSME Business Insurance Agent – Shops, Offices & Services, Chennai | MN Rajendrakumar Insurance","MSME and business insurance for shops, offices and service businesses across Chennai. Right sum insured, correct wording and claim-ready from day one. Call 7448324068.",Business & MSME Insurance in Chennai — Sum Insured & Proof Discipline | Business & MSME Insurance in Chennai — Sum Insured & Proof Discipline,2,2832,145.8,src/pages/en/services/[category]/[service]/index.astro,40,18
/en/services/business-msme/office-insurance/,Office Insurance Package – Chennai Commercial Offices | MN Rajendrakumar Insurance,"Office insurance package for Chennai commercial offices: equipment, business interruption, and property cover, distinct from retail shop policies. Call 7448324068.",Office Insurance Package in Chennai — Equipment & Business Interruption Cover | Office Insurance Package in Chennai — Equipment & Business Interruption Cover,2,2713,142.8,src/pages/en/services/[category]/[service]/index.astro,9,17
/en/services/business-msme/shop-msme-insurance/,"Shop & MSME Insurance Agent – Sholavaram, Red Hills, Chennai North | MN Rajendrakumar Insurance","Shop and MSME package insurance in Sholavaram, Red Hills and Chennai North. Coverage matched to your business, with claim-ready documentation. Call or WhatsApp 7448324068.",Shop & MSME Insurance in Chennai — Package Policy & Claims | Shop & MSME Insurance in Chennai — Package Policy & Claims,2,3865,159.6,src/pages/en/services/[category]/[service]/index.astro,26,28
/en/services/claim-support/,Claim Support & Documentation (Overview) | Services | MN Rajendrakumar Insurance,"Claim workflow guidance—documents, reporting steps and timeline discipline to reduce avoidable delays (case-dependent).",M N Rajendrakumar Insurance Services | Claim Support & Documentation (Overview),3,2398,137.4,src/pages/en/services/[category]/index.astro,2,12
/en/services/claims-support/,Claim Support & Documentation | Services | MN Rajendrakumar Insurance,Documents + timelines + steps to reduce delays—built for real-world claim workflows.,M N Rajendrakumar Insurance Services | Claim Support & Documentation,3,2370,136.6,src/pages/en/services/[category]/index.astro,105,11
/en/services/claims-support/claim-support/,"Insurance Claim Help – Documents & Support, Sholavaram Chennai | MN Rajendrakumar Insurance","Insurance claim support in Sholavaram – document checklist, reporting steps and timeline clarity. Helping commercial, transport and industrial clients. Call 7448324068.","Insurance Claim Support in Chennai — Documents, Timelines & Help | Insurance Claim Support in Chennai — Documents, Timelines & Help",2,2908,147.0,src/pages/en/services/[category]/[service]/index.astro,40,18
/en/services/construction-contractor-car-wc-insurance/,Construction / Contractor (CAR & WC) Insurance | Services | MN Rajendrakumar Insurance,"Project-based risks—CAR/WC discipline, workforce classification and extension/endorsement alignment (as applicable).",M N Rajendrakumar Insurance Services | Construction / Contractor (CAR & WC) Insurance,3,2384,137.4,src/pages/en/services/[category]/index.astro,2,11
/en/services/construction/,Construction & Contractor Insurance | Services | MN Rajendrakumar Insurance,"CAR/WC discipline for active worksites—workforce risk, site exposure and claim timeline readiness.",M N Rajendrakumar Insurance Services | Construction & Contractor Insurance,3,2064,135.0,src/pages/en/services/[category]/index.astro,4,12
/en/services/construction/contractor-all-risk/,Contractor All Risk (CAR) Insurance – Chennai Worksites | MN Rajendrakumar Insurance,"Contractor all risk insurance for worksites across Chennai outskirts. Project period alignment, site exposure and claim documentation. Call 7448324068 for expert help.",Contractor All Risk (CAR) Insurance in Chennai — Worksite & Project Cover | Contractor All Risk (CAR) Insurance in Chennai — Worksite & Project Cover,2,3232,151.7,src/pages/en/services/[category]/[service]/index.astro,17,16
/en/services/construction/contractor-car-wc-insurance/,Contractor Insurance (CAR + WC) – Chennai Outskirts | MN Rajendrakumar Insurance,Combined contractor insurance (CAR + Workmen Compensation) for Chennai outskirts projects. Worksite and workforce coverage in one place. Call 7448324068.,Contractor Insurance in Chennai — CAR + WC Combined Cover | Contractor Insurance in Chennai — CAR + WC Combined Cover,2,2372,140.6,src/pages/en/services/[category]/[service]/index.astro,22,18
/en/services/construction/workmen-compensation/,Workmen Compensation Insurance for Contractors – Chennai | MN Rajendrakumar Insurance,"Workmen compensation (WC) insurance for contractors and businesses across Chennai outskirts. Worker classification, payroll and claim timeline support. Call 7448324068.",Workmen Compensation Insurance in Chennai — WC Policy & Claims | Workmen Compensation Insurance in Chennai — WC Policy & Claims,2,3318,153.9,src/pages/en/services/[category]/[service]/index.astro,19,16
/en/services/crane-heavy-equipment-cpm-insurance/,Crane & Heavy Equipment (CPM) Insurance | Services | MN Rajendrakumar Insurance,"CPM/contractors plant and machinery guidance—declared value logic, breakdown exposure, and third-party risk discipline for worksites and highway belts.",M N Rajendrakumar Insurance Services | Crane & Heavy Equipment (CPM) Insurance,3,2480,138.7,src/pages/en/services/[category]/index.astro,2,13
/en/services/fire-burglary-commercial-property-insurance/,Fire & Burglary (Commercial Property) Insurance | Services | MN Rajendrakumar Insurance,"Commercial property protection for warehouses, shops and factories—fire load, burglary conditions, valuation, and claim-ready proof discipline.",M N Rajendrakumar Insurance Services | Fire & Burglary (Commercial Property) Insurance,3,2470,138.7,src/pages/en/services/[category]/index.astro,2,13
/en/services/group-health-employee-benefits-insurance/,Group Health / Employee Benefits Insurance | Services | MN Rajendrakumar Insurance,"SME employee benefits guidance—enrolment discipline, claim process readiness, renewal controls and documentation hygiene for smoother servicing.",M N Rajendrakumar Insurance Services | Group Health / Employee Benefits Insurance,3,2464,138.5,src/pages/en/services/[category]/index.astro,2,13
/en/services/heavy-equipment/,Heavy Equipment / Crane Insurance | Services | MN Rajendrakumar Insurance,CPM/declared value clarity + third-party exposure for cranes and heavy equipment near highways and sites.,M N Rajendrakumar Insurance Services | Heavy Equipment / Crane Insurance,3,2346,138.0,src/pages/en/services/[category]/index.astro,4,12
/en/services/heavy-equipment/crane-cpm-insurance/,"Crane & Heavy Equipment (CPM) Insurance – Sholavaram, Red Hills Chennai | MN Rajendrakumar Insurance","Crane and heavy equipment (CPM) insurance in Sholavaram, Red Hills and NH belt. Declared value + third-party liability clarity. 30 years experience. Call 7448324068 for expert help.",Crane & Heavy Equipment Insurance in Chennai — CPM Policy & Claims | Crane & Heavy Equipment Insurance in Chennai — CPM Policy & Claims,2,2432,141.1,src/pages/en/services/[category]/[service]/index.astro,16,17
/en/services/heavy-equipment/crane-liability/,"Crane Third-Party Liability Insurance – NH Belt, Chennai | MN Rajendrakumar Insurance",Third-party liability insurance for crane operations near NH corridors and worksites in Chennai. Incident reporting and evidence clarity. Call 7448324068.,Crane Third-Party Liability Insurance in Chennai — Worksite Cover | Crane Third-Party Liability Insurance in Chennai — Worksite Cover,2,2169,138.0,src/pages/en/services/[category]/[service]/index.astro,2,16
/en/services/heavy-equipment/erection-all-risk-insurance/,Erection All Risk (EAR) Insurance – Chennai Industrial Projects | MN Rajendrakumar Insurance,"Erection All Risk insurance for plant installation and machinery erection projects in Chennai. Coverage during transit, storage and testing. Call 7448324068.",Erection All Risk (EAR) Insurance in Chennai — Plant Installation Cover | Erection All Risk (EAR) Insurance in Chennai — Plant Installation Cover,2,2605,142.0,src/pages/en/services/[category]/[service]/index.astro,2,17
/en/services/industrial/,Industrial & Property Insurance | Services | MN Rajendrakumar Insurance,"Warehouses, godowns, factories—fire load, stock proof discipline, valuation clarity and burglary conditions.",M N Rajendrakumar Insurance Services | Industrial & Property Insurance,3,2540,141.5,src/pages/en/services/[category]/index.astro,10,16
/en/services/industrial/factory-insurance/,Factory Insurance Agent – Chennai Outskirts Industrial Belts | MN Rajendrakumar Insurance,"Factory insurance for industrial units near Sholavaram, Madhavaram and Manali. Fire, machinery and stock coverage. 30+ years experience. Call 7448324068 for same-day help.","Factory Insurance in Chennai — Fire, Machinery & Stock Cover | Factory Insurance in Chennai — Fire, Machinery & Stock Cover",2,3635,156.2,src/pages/en/services/[category]/[service]/index.astro,20,18
/en/services/industrial/fire-burglary-insurance/,Fire & Burglary Insurance for Warehouses & Shops – Chennai Outskirts | MN Rajendrakumar Insurance,"Fire and burglary insurance for warehouses, shops and offices in Sholavaram, Red Hills and Madhavaram. Sum insured and stock proof clarity. Call 7448324068 for a quick check.","Fire & Burglary Insurance for Chennai Shops, Warehouses & Godowns | Fire & Burglary Insurance for Chennai Shops, Warehouses & Godowns",2,4427,164.3,src/pages/en/services/[category]/[service]/index.astro,41,26
/en/services/industrial/land-property-insurance/,Land & Property Insurance – Chennai | MN Rajendrakumar Insurance,"Property and land-related insurance for owners, developers and businesses in Chennai — building, title-linked risk and asset protection cover. Call 7448324068.",Land & Property Insurance — Building & Asset Protection Cover | Land & Property Insurance — Building & Asset Protection Cover,2,2328,140.0,src/pages/en/services/[category]/[service]/index.astro,2,16
/en/services/industrial/machinery-breakdown-insurance/,"Machinery Breakdown Insurance – Factories & Industrial Units, Chennai | MN Rajendrakumar Insurance","Machinery Breakdown insurance for factories and industrial units in Chennai. Covers mechanical and electrical failure, separate from fire insurance. Call 7448324068.",Machinery Breakdown Insurance in Chennai — Mechanical & Electrical Failure Cover | Machinery Breakdown Insurance in Chennai — Mechanical & Electrical Failure Cover,2,3398,154.0,src/pages/en/services/[category]/[service]/index.astro,10,17
/en/services/industrial/mining-industrial-insurance/,Mining & Heavy Industrial Insurance – Chennai & Tamil Nadu | MN Rajendrakumar Insurance,"Mining and heavy industrial insurance for quarries, mineral processing and heavy industrial operations in and around Chennai. Equipment, property and liability cover. Call 7448324068.","Mining & Heavy Industrial Insurance — Equipment, Property & Liability Cover | Mining & Heavy Industrial Insurance — Equipment, Property & Liability Cover",2,2637,142.7,src/pages/en/services/[category]/[service]/index.astro,4,17
/en/services/industrial/stock-declaration-insurance/,"Stock Declaration Insurance – Warehouses & Businesses, Chennai | MN Rajendrakumar Insurance",Stock declaration insurance for warehouses and businesses in Chennai industrial belts. Declaration discipline and claim acceptance readiness. Call 7448324068.,Stock Declaration Insurance in Chennai — Warehouses & Businesses | Stock Declaration Insurance in Chennai — Warehouses & Businesses,2,2381,140.4,src/pages/en/services/[category]/[service]/index.astro,16,16
/en/services/industrial/warehouse-insurance/,"Warehouse & Godown Insurance Agent – Madhavaram, Manali, Chennai | MN Rajendrakumar Insurance","Warehouse and godown insurance in Madhavaram, Manali and Sholavaram. Fire, burglary and stock declaration cover. 30+ years experience. Call or WhatsApp 7448324068.",Warehouse & Godown Insurance in Chennai — Stock Proof & Valuation | Warehouse & Godown Insurance in Chennai — Stock Proof & Valuation,2,3469,155.8,src/pages/en/services/[category]/[service]/index.astro,52,27
/en/services/liability/,Liability Insurance | Services | MN Rajendrakumar Insurance,"Public/third-party exposure for businesses, contractors and sites—incident timelines, notice discipline and wording clarity (as applicable).",M N Rajendrakumar Insurance Services | Liability Insurance,3,2528,140.1,src/pages/en/services/[category]/index.astro,3,13
/en/services/liability/professional-liability-do-insurance/,Professional Indemnity & D&O Insurance – Chennai Businesses | MN Rajendrakumar Insurance,Professional Indemnity and Directors & Officers (D&O) liability insurance for Chennai businesses and firms. Coverage for advice-based and management-level claims. Call 7448324068.,Professional Indemnity & Directors and Officers (D&O) Insurance in Chennai | Professional Indemnity & Directors and Officers (D&O) Insurance in Chennai,2,2862,144.0,src/pages/en/services/[category]/[service]/index.astro,8,17
/en/services/liability/public-liability/,Public Liability Insurance for Businesses – Chennai Outskirts | MN Rajendrakumar Insurance,Public liability insurance for businesses in Chennai outskirts. Third-party and site exposure coverage. Common exclusions and claim evidence clarity. Call 7448324068.,Public Liability Insurance in Chennai — Third-Party Risk Cover | Public Liability Insurance in Chennai — Third-Party Risk Cover,2,2776,145.3,src/pages/en/services/[category]/[service]/index.astro,57,16
/en/services/marine-cargo-goods-in-transit-insurance/,Marine Cargo / Goods-in-Transit Insurance | Services | MN Rajendrakumar Insurance,"Transit risks—invoice/packing/dispatch trail, carrier responsibility clarity and claim proof discipline (as applicable).",M N Rajendrakumar Insurance Services | Marine Cargo / Goods-in-Transit Insurance,3,2372,137.2,src/pages/en/services/[category]/index.astro,2,11
/en/services/marine/,Marine Cargo / Transit Insurance | Services | MN Rajendrakumar Insurance,"Goods-in-transit and marine cargo cover—dispatch/receipt proof trail, invoice/packing discipline and claim readiness (as applicable).",M N Rajendrakumar Insurance Services | Marine Cargo / Transit Insurance,3,2366,138.0,src/pages/en/services/[category]/index.astro,4,13
/en/services/marine/import-export-insurance/,Import & Export Cargo Insurance – Chennai | MN Rajendrakumar Insurance,"Import and export cargo insurance for traders and businesses moving goods through Chennai port and airport. Transit, customs-hold and documentation support. Call 7448324068.",Import & Export Insurance — Cargo Cover for Cross-Border Trade | Import & Export Insurance — Cargo Cover for Cross-Border Trade,2,2406,140.7,src/pages/en/services/[category]/[service]/index.astro,5,16
/en/services/marine/marine-cargo-goods-in-transit-insurance/,"Marine Cargo & Goods-in-Transit Insurance – NH Belt, Chennai | MN Rajendrakumar Insurance","Marine cargo and goods-in-transit insurance for NH belt transport and logistics near Chennai. Invoice, route and claim documentation support. Call 7448324068.",Marine Cargo Insurance in Chennai — Goods-in-Transit Cover | Marine Cargo Insurance in Chennai — Goods-in-Transit Cover,2,3281,152.2,src/pages/en/services/[category]/[service]/index.astro,31,15
/en/services/marine/marine-cargo-goods-in-transit/,Redirecting to: /en/services/marine/marine-cargo-goods-in-transit-insurance,,,0,5,0.6,src/pages/en/services/[category]/[service]/index.astro,0,1
/en/services/marine/marine-hull-inland-vessel-insurance/,Marine Hull & Inland Vessel Insurance – Chennai | MN Rajendrakumar Insurance,"Marine hull and inland vessel insurance for boats, barges and inland waterway craft near Chennai. Hull damage, machinery and liability cover. Call 7448324068.","Marine Hull & Inland Vessel Insurance — Hull, Machinery & Liability Cover | Marine Hull & Inland Vessel Insurance — Hull, Machinery & Liability Cover",2,2388,140.3,src/pages/en/services/[category]/[service]/index.astro,5,15
/en/services/personal-car-bike-health-support/,Personal Insurance Support (Car / Bike / Health) | Services | MN Rajendrakumar Insurance,"City-side personal policies—renewal checks, add-on clarity and clean claim steps (as applicable).",M N Rajendrakumar Insurance Services | Personal Insurance Support (Car / Bike / Health),3,2408,137.6,src/pages/en/services/[category]/index.astro,2,12
/en/services/personal/,Personal Insurance Support | Services | MN Rajendrakumar Insurance,"Car, bike and health insurance guidance—renewal checks, claim steps and document discipline (as applicable).",M N Rajendrakumar Insurance Services | Personal Insurance Support,3,2664,142.8,src/pages/en/services/[category]/index.astro,8,18
/en/services/personal/auto-rickshaw-insurance/,Auto Rickshaw Insurance Agent – Chennai | MN Rajendrakumar Insurance,"Auto rickshaw insurance for individual and commercial-permit autos in Chennai. Usage clarity, renewal checks and claim steps. Call or WhatsApp 7448324068.","Auto Rickshaw Insurance in Chennai — Permit, Renewal & Claims | Auto Rickshaw Insurance in Chennai — Permit, Renewal & Claims",2,2326,138.5,src/pages/en/services/[category]/[service]/index.astro,3,15
/en/services/personal/bike-insurance-support/,Bike Insurance Agent in Chennai | Renewal & Claim Support | MN Rajendrakumar Insurance,"Bike and two-wheeler insurance renewal across Chennai. IDV, add-on and claim step clarity. Get the right cover without confusion. Call or WhatsApp 7448324068.","Bike Insurance in Chennai — Renewal, IDV & Claim Support | Bike Insurance in Chennai — Renewal, IDV & Claim Support",2,3032,149.4,src/pages/en/services/[category]/[service]/index.astro,21,14
/en/services/personal/car-insurance-support/,"Car Insurance Agent in Chennai, Sholavaram | Renewal, New Policy & Claims | MN Rajendrakumar Insurance","Car insurance renewal and new policy support in Chennai. IDV, NCB, zero depreciation and add-on advice. 30 years experience. Call 7448324068 for same-day policy help.","Car Insurance in Chennai — Renewals, IDV, NCB, Zero Dep & Claim Help | Car Insurance in Chennai — Renewals, IDV, NCB, Zero Dep & Claim Help",2,4910,165.6,src/pages/en/services/[category]/[service]/index.astro,23,16
/en/services/personal/health-insurance-support/,"Health Insurance Agent in Chennai | Policy, Renewal & Claims | MN Rajendrakumar Insurance","Health insurance support across Chennai – plan selection, renewal checks, cashless vs reimbursement and claim document guidance. 30 years experience. Call 7448324068.","Health Insurance in Chennai — Mediclaim, Top-Up & Claim Support | Health Insurance in Chennai — Mediclaim, Top-Up & Claim Support",2,3331,153.2,src/pages/en/services/[category]/[service]/index.astro,14,15
/en/services/personal/lic-life-term-insurance/,LIC & Term Life Insurance Support – Chennai | MN Rajendrakumar Insurance,"LIC policy support, term insurance, and life cover guidance in Chennai — plan selection, premium comparison, nominee and claim help. Call 7448324068.","LIC & Term Life Insurance — Plan Selection, Premiums & Claim Support | LIC & Term Life Insurance — Plan Selection, Premiums & Claim Support",2,2402,140.3,src/pages/en/services/[category]/[service]/index.astro,2,15
/en/services/personal/taxi-cab-insurance/,Taxi & Cab Insurance Agent – Chennai | MN Rajendrakumar Insurance,"Taxi and cab insurance for operators across Chennai. Usage category clarity, renewal support and claim steps. Call or WhatsApp 7448324068.",Taxi & Cab Insurance in Chennai — Commercial Permit & Claims | Taxi & Cab Insurance in Chennai — Commercial Permit & Claims,2,2242,137.4,src/pages/en/services/[category]/[service]/index.astro,2,14
/en/services/personal/tempo-mini-truck-insurance/,Tempo & Mini Truck Insurance Agent – Chennai | MN Rajendrakumar Insurance,"Tempo, mini-truck and pickup insurance for individual owner-operators in Chennai. Usage and load-type clarity, renewal checks and claim steps. Call or WhatsApp 7448324068.","Tempo & Mini Truck Insurance in Chennai — Load, Renewal & Claims | Tempo & Mini Truck Insurance in Chennai — Load, Renewal & Claims",2,2347,139.0,src/pages/en/services/[category]/[service]/index.astro,2,15
/en/services/public-liability-third-party-insurance/,Public Liability & Third-Party Risk | Services | MN Rajendrakumar Insurance,"Liability exposure guidance for warehouses, contractors and businesses with public/visitor movement—evidence discipline + notice handling.",M N Rajendrakumar Insurance Services | Public Liability & Third-Party Risk,3,2458,138.4,src/pages/en/services/[category]/index.astro,3,13
/en/services/transport-fleet-lorry-insurance/,Transport / Fleet / Lorry Insurance (Overview) | Services | MN Rajendrakumar Insurance,"NH corridor operations—permit/fitness discipline, third-party exposure and claim readiness habits (as applicable).",M N Rajendrakumar Insurance Services | Transport / Fleet / Lorry Insurance (Overview),3,2374,137.2,src/pages/en/services/[category]/index.astro,2,11
/en/services/transport-fleet/,Transport & Fleet Insurance | Services | MN Rajendrakumar Insurance,"For lorries, fleets and NH corridor operations—permit/fitness discipline, third-party exposure and claim readiness.",M N Rajendrakumar Insurance Services | Transport & Fleet Insurance,3,2620,141.5,src/pages/en/services/[category]/index.astro,11,14
/en/services/transport-fleet/commercial-vehicle-insurance/,"Commercial Vehicle Insurance Agent – Sholavaram, Chennai | MN Rajendrakumar Insurance","Commercial vehicle insurance for business-use vehicles across Sholavaram, Red Hills, Madhavaram and Chennai outskirts. Usage clarity, endorsements and third-party cover. Call 7448324068.","Commercial Vehicle Insurance Agent in Chennai — Fleet, Permit & Claims | Commercial Vehicle Insurance Agent in Chennai — Fleet, Permit & Claims",2,3643,156.4,src/pages/en/services/[category]/[service]/index.astro,30,17
/en/services/transport-fleet/fleet-insurance/,"Fleet Insurance Agent – Red Hills, Madhavaram & Chennai North | MN Rajendrakumar Insurance","Fleet insurance for transport operators in Red Hills, Madhavaram and Sholavaram. Renewal discipline, centralized documentation and claim-ready workflow. Call 7448324068 for expert fleet support.",Fleet Insurance in Chennai — Multi-Vehicle Policy & Claims Management | Fleet Insurance in Chennai — Multi-Vehicle Policy & Claims Management,2,3786,159.2,src/pages/en/services/[category]/[service]/index.astro,43,28
/en/services/transport-fleet/goods-carrying-vehicle-insurance/,"Goods Carrying Vehicle Insurance – Red Hills, Sholavaram, Chennai | MN Rajendrakumar Insurance","Goods carrying and pickup vehicle insurance in Sholavaram, Red Hills and Madhavaram. Permit, route and third-party clarity. 30+ years experience. Call 7448324068.","Goods Vehicle Insurance in Chennai — GCV Permit, Route & Claim Help | Goods Vehicle Insurance in Chennai — GCV Permit, Route & Claim Help",2,2481,141.3,src/pages/en/services/[category]/[service]/index.astro,25,16
/en/services/transport-fleet/lorry-insurance/,"Lorry Insurance Agent in Red Hills, Sholavaram Chennai | MN Rajendrakumar Insurance","Lorry and heavy vehicle insurance in Sholavaram, Red Hills and Madhavaram. Permit, fitness and third-party clarity. 30+ years experience. Call 7448324068 or WhatsApp for same-day policy help.","Lorry Insurance in Chennai — NH Belt, Permit & Claim Support | Lorry Insurance in Chennai — NH Belt, Permit & Claim Support",2,3742,159.5,src/pages/en/services/[category]/[service]/index.astro,41,28
/en/services/transport-fleet/tip-truck-insurance/,"Tipper / Tip Truck Insurance – Worksites & NH Belt, Chennai | MN Rajendrakumar Insurance","Tipper and tip truck insurance for worksite and NH belt operators near Sholavaram and Red Hills. Usage clarity, third-party cover and claim documentation. Call 7448324068.","Tipper Insurance in Chennai — Worksite Cover, Permit & Claims | Tipper Insurance in Chennai — Worksite Cover, Permit & Claims",2,2422,140.1,src/pages/en/services/[category]/[service]/index.astro,1,15
/en/services/transport-fleet/trailer-insurance/,"Trailer Insurance Agent – NH Corridors, Sholavaram Chennai | MN Rajendrakumar Insurance","Trailer insurance for NH belt operators near Sholavaram and Red Hills. Attachment usage and third-party cover, endorsements and claim documentation. Call 7448324068.","Trailer Insurance in Chennai — Attachment, Permit & Claim Support | Trailer Insurance in Chennai — Attachment, Permit & Claim Support",2,2531,142.7,src/pages/en/services/[category]/[service]/index.astro,12,26
/en/services/warehouse-godown-factory-insurance/,Warehouse / Godown / Factory Insurance | Services | MN Rajendrakumar Insurance,"Industrial property protection for warehouses, godowns and factories—fire load, burglary conditions, valuation and stock proof discipline.",M N Rajendrakumar Insurance Services | Warehouse / Godown / Factory Insurance,3,2468,138.5,src/pages/en/services/[category]/index.astro,2,13
/en/small-business-insurance-chennai/,"Small Business Insurance in Chennai — Shops, Traders & Local Businesses | MN Rajendrakumar Insurance","Small business insurance in Chennai for shops, traders, and local businesses — fire, stock, and liability cover sized to what you actually have. Call 7448324068.",M N Rajendrakumar Insurance Services | Small Business Insurance in Chennai,3,3569,159.1,src/pages/en/[intentSlug]/index.astro,1,13
/en/spot-insurance-support/,Spot Insurance Support – On-Site Visit & Documentation Help (As Applicable) | MN Rajendrakumar Insurance,"Explains what “spot/on-site insurance support” realistically means: document collection, inspection rules, when a visit is possible, and what is handled remotely.",M N Rajendrakumar Insurance Services | Spot insurance support (on-site visit — as applicable),3,3093,150.1,src/pages/en/spot-insurance-support/index.astro,0,11
/en/switch-insurance-company/,Switch Insurance Company – Smooth Transition Without Missing Renewal / Claim-Readiness | MN Rajendrakumar Insurance,"Planning to switch insurers due to poor service or high premium? We help you switch safely: renewal timing, NCB/claim history alignment, and documentation clarity (vehicle/business cases as applicable).",M N Rajendrakumar Insurance Services | Switch insurance company (how to do it safely),3,3229,155.1,src/pages/en/[intentSlug]/index.astro,0,13
/en/tempo-insurance-poonamallee/,"Tempo & Mini Truck Insurance in Poonamallee, Chennai | MN Rajendrakumar Insurance","Tempo and mini-truck insurance for owner-operators in Poonamallee and the western industrial belt — load-type clarity, renewal checks and claim steps.",M N Rajendrakumar Insurance Services | Tempo and mini-truck insurance in Poonamallee,3,3256,155.9,src/pages/en/[intentSlug]/index.astro,1,12
/en/top-rated-insurance-chennai/,"Top Rated Insurance Agent in Chennai — 4.9★ Google Rating, 100+ Reviews | MN Rajendrakumar Insurance","Top rated insurance agent in Chennai with 4.9★ Google rating and 100+ verified reviews. IRDAI licensed, 30+ years experience. Car, health, commercial insurance with expert claim support.",M N Rajendrakumar Insurance Services | Top rated insurance agent in Chennai — 4.9★ Google rating,3,3516,159.4,src/pages/en/[intentSlug]/index.astro,0,10
/en/trusted-insurance-services-chennai/,"Trusted Insurance Services in Chennai — 30+ Years, IRDAI Licensed, 4.9★ Rated | MN Rajendrakumar Insurance","Trusted insurance services in Chennai: IRDAI licensed agent with 30+ years experience, 15+ insurer partners, and 4.9★ Google rating. Car, health, commercial, industrial insurance with claim support.",M N Rajendrakumar Insurance Services | Trusted insurance services in Chennai,3,3603,159.6,src/pages/en/[intentSlug]/index.astro,0,10
/en/vehicle-dealer-insurance-tieup/,Insurance Tie-Up for Vehicle Dealers & Showrooms — Chennai | MN Rajendrakumar Insurance,"Insurance partnership for new/used vehicle dealers and showrooms near Chennai — new dealerships, additional outlets, and dealers switching agents. Bulk vehicle insurance, showroom/stock cover, one point of contact. Call 7448324068.",M N Rajendrakumar Insurance Services | Insurance Tie-Up for Vehicle Dealers & Showrooms,3,4708,172.3,src/pages/en/[intentSlug]/index.astro,4,13
/en/warehouse-insurance-ambattur/,Warehouse Insurance in Ambattur – Industrial & MSME Stock/Fire Coverage | MN Rajendrakumar Insurance,"Warehouse and godown insurance in Ambattur industrial estate: fire, stock declaration, MSME property risk, and claim support via Sholavaram office.",M N Rajendrakumar Insurance Services | Warehouse insurance in Ambattur,3,3166,154.1,src/pages/en/[intentSlug]/index.astro,0,12
/en/warehouse-insurance-documents-checklist/,"Warehouse Insurance Documents Checklist – Stock Proof, Valuation & Claim Readiness | MN Rajendrakumar Insurance",Warehouse claims fail due to underinsurance and weak stock proof. This checklist explains insurer expectations.,M N Rajendrakumar Insurance Services | Warehouse insurance documents checklist,3,2879,149.3,src/pages/en/[intentSlug]/index.astro,0,12
/en/warehouse-insurance-madhavaram/,"Warehouse Insurance in Madhavaram – Stock, Fire & Property Risk Coverage | MN Rajendrakumar Insurance","Warehouse and godown insurance in Madhavaram: fire and stock declaration policies, property risk alignment, and claim documentation support via Sholavaram office.",M N Rajendrakumar Insurance Services | Warehouse insurance in Madhavaram,3,3241,155.2,src/pages/en/[intentSlug]/index.astro,0,12
/en/warehouse-insurance-manali/,Warehouse Insurance in Manali – Industrial Estate Fire & Stock Coverage | MN Rajendrakumar Insurance,"Warehouse and industrial property insurance in Manali: fire, stock declaration, and equipment risk for Manali Industrial Estate via Sholavaram office.",M N Rajendrakumar Insurance Services | Warehouse insurance in Manali,3,3162,154.1,src/pages/en/[intentSlug]/index.astro,0,12
/en/warehouse-insurance-renewal-support/,"Warehouse Insurance Renewal Support – Sum Insured, Stock Proof & Underinsurance Checks | MN Rajendrakumar Insurance","Warehouse renewals fail at claim time due to undervaluation and weak stock proof. This page explains renewal checks: sum insured realism, stock/invoice trail, and security conditions (as applicable).",M N Rajendrakumar Insurance Services | Warehouse renewal support (sum insured + stock proof discipline),3,3302,156.3,src/pages/en/[intentSlug]/index.astro,1,13
/en/wholesale-trader-retailer-insurance-chennai/,"Insurance for Wholesalers, Traders & Retailers in Chennai — Stock & Fire Cover | MN Rajendrakumar Insurance","Insurance for wholesale traders and retail shop owners in Chennai — stock declaration, fire and burglary cover sized to fluctuating inventory. For T. Nagar, wholesale markets, and retail belts. Call 7448324068.","M N Rajendrakumar Insurance Services | Insurance for Wholesalers, Traders & Retailers in Chennai",3,4329,168.7,src/pages/en/[intentSlug]/index.astro,2,15
/ta/manai-vilpanaikku-sholavaram/,ஷோலவரத்தில் CMDA அனுமதி பெற்ற மனைகள் விற்பனைக்கு – அரிமா KVG நகர் | ₹2400/சதுர அடி,"1096 & 1231 சதுர அடி CMDA அனுமதி பெற்ற (எண். 190/2022) மேற்கு பார்த்த மனைகள், கேட்டட் கம்யூனிட்டி, சோழவரம், பொன்னேரி தாலுகா. தனி பட்டா, நேரடி உரிமையாளர் விற்பனை, தரகு கமிஷன் இல்லை. பார்வையிட அழையுங்கள்.","CMDA அனுமதி பெற்ற மனைகள் விற்பனைக்கு — அரிமா KVG நகர், சோழவரம்",1,2131,103.0,src/pages/ta/manai-vilpanaikku-sholavaram/index.astro,1,1
